제목,작성자유형,평점,리뷰
악마가 이사왔다,실관람객,10.0,윤아 배우의 팔색조 같은 연기가 마치 예전의 전지현 배우의 엽기적인 그녀처럼 신선했습니다~ 더운 여름날 시원하게 볼 수 있는 코미디물이네요. 추천합니다! :)
악마가 이사왔다,실관람객,10.0,"어느 커뮤니티 리뷰에서 마음이 정말 따뜻해지고, 귀한 영화라는 평을 봤는데 그 리뷰가 찰떡입니다.누군가를 위해주는 마음이 얼마나 예쁜 마음인지, 도파민 터지는 이 세상에서 희소가치가 있는 영화네요. 엄마아빠도 보여줘야겠어요."
악마가 이사왔다,실관람객,9.0,큰 기대를 안해서 그런가 ㅎ 엑시트만큼의 신선함과 재미는 아니였지만 배우들의 연기 좋았고 특히 결말이 맘에 든다~ 무해하다 무해해!
악마가 이사왔다,실관람객,10.0,인간상근 감독이 그려내는 사람의 이야기가 좋다 영화가 생각보다 여운이 있어서 보고 나면 기분이 좋아짐
악마가 이사왔다,실관람객,10.0,저 진짜 개봉첫날 조조로 제일 먼저 봤는데 생각보다 관객이 몇 없어서 살짝 당황했지만 그래도 기대 이상으로 진짜 잘 봤습니다! 재미있으면서 마지막에는 훈훈하게 감동적이라서 저도 눈물날 뻔했어요ㅜㅜ악마가 이사왔다 많이 관람하러 오세요~~~
악마가 이사왔다,실관람객,10.0,웃기는 코미디인 줄 알았는데 여운이 장난이 아니네요. 나도 길구같은 연인 있으면 좋겠음
악마가 이사왔다,실관람객,10.0,"임윤아가 완전히 새로운 모습으로 변신하고, 안보현·성동일과의 호흡도 좋아서 보는 재미가 있다.웃음 속에 따뜻한 감동까지 담긴, 편하게 즐길 수 있는 힐링 영화다."
악마가 이사왔다,실관람객,10.0,힐링되고 위로받는 영화 입니다. 지금 저에게 필요한 영화네요. 끝나고 여운 너무 좋아요!
악마가 이사왔다,실관람객,2.0,스토리가 너무 유치하고 오글거려요.재미도 없어요ㅜ
악마가 이사왔다,실관람객,2.0,다른걸 다 떠나서 스토리가 끌리지 않는다
악마가 이사왔다,실관람객,10.0,서로에게 위로를 건네다 보는 관객들에게도 따뜻한 위로를 선사하는 영화
악마가 이사왔다,실관람객,10.0,코미디로 시작해 몽글몽글하게 전개되고 반전으로 마무리
악마가 이사왔다,실관람객,2.0,웃음이 나온다. 헛웃음. 진짜 노잼.
악마가 이사왔다,실관람객,2.0,끝까지 관람하기엔 피곤한 영화. 지친다.
악마가 이사왔다,실관람객,10.0,"윤아가 이쁩니다, 윤아가 이쁘구요, 윤아가 이쁘네요."
악마가 이사왔다,실관람객,4.0,엑시트랑 같은 감독 작품이라는게 믿기지가 않음
악마가 이사왔다,실관람객,1.0,재미없고 지루해요. 윤아연기도 오글거림..
악마가 이사왔다,실관람객,1.0,엑시트에서의 짜릿함은 사라지고 식상함과 피곤함만 남은 졸작
악마가 이사왔다,실관람객,3.0,안보현과 윤아의 케미를 기대하며 갔건만 오랜만에 참 재미없게 보고 나왔습니다. 주관적이겠지만 같이간 12살 아들도 중간에 잠들었다는~ 개그를 무척이나 사랑하는 아들이건만~
악마가 이사왔다,실관람객,2.0,개봉작 영화보다 중간에 나온건 이번이 처음이다
악마가 이사왔다,실관람객,4.0,너무 엉성하다 마지막 이야기를 위해 영화의 절반을 거의 버린 수준 게다가 마지막이 그렇게 새롭게 감동적인 것도 아니다
악마가 이사왔다,실관람객,5.0,풀타임 개정색은 오랜만이다
악마가 이사왔다,실관람객,1.0,보는 내내 잤어요..진짜 너무 억지스러운 내용..과 연출..참고하세요
악마가 이사왔다,실관람객,10.0,낮과 밤이 다른 그게 또 악마라는 설정 자체가 창의력이 대단한 역시 이상근 감독님 무엇보다 그 스토리가 풀리면서 마지막 감동 여운이 장난아니였어요. 임윤아 배우님 연기 너무 힘들었을 것 같아요. 최고였음
악마가 이사왔다,실관람객,10.0,"영화를 보고 난 후 마음이 편안해지고, 흐뭇한 미소가 지어지는 가분 좋은 영화네요이상근 감독님, 임윤아,안보현 배우님 앞으로도 응원할게요 ~~"
악마가 이사왔다,실관람객,10.0,엑시트를 너무 좋아해서 손꼽아 기다리다가 바로 달려가서 봄. 예상못한 전개에 뻔한구석은 하나도 없이 어쩜 이렇게 아기자기하고 재밌는지. 그리고 막판에 날 울릴줄은 상상 못했다. 억지신파 짜내기 없이도 이렇게 사람을 울릴 수 있구나. 여운이 길어서 ...
악마가 이사왔다,실관람객,7.0,엑시트 감독이라고 해서 너무 기대했나...그럭저럭 볼만은하다. 배우들 연기는 좋았다..킬링타임영화
악마가 이사왔다,실관람객,4.0,악마라고 믿을만한 요소가 어딨어
악마가 이사왔다,실관람객,10.0,생각외의 감동 포인트까지 있네요..기분이 좋아지는 영화였습니다.
악마가 이사왔다,실관람객,10.0,윤아가 너무 귀엽고 안보현 댕댕미. 갠적으로 주현영 팬이라 귀여웟음
악마가 이사왔다,실관람객,2.0,스토리가 유치하고 연출도 별로입니다. 엑시트 감독님이라 기대했는데 그래서 더 아쉽네요.
악마가 이사왔다,실관람객,10.0,생각보다 전개가 신선하고 배우들 연기도 너무 좋았습니다 후반부는 소소한 감동도 있어서 재밌게 봤습니당
악마가 이사왔다,실관람객,10.0,선지 귀여워 선지 예뻐 선지야 행복해 ㅠㅠㅠㅠ
악마가 이사왔다,실관람객,5.0,아무리 재밌게 보려고 해도 재밌지가 않았음... ott와 숏폼이 대세인 이유를 알겠음
악마가 이사왔다,실관람객,5.0,진짜 한국영화 응원하는데... 이 영화 망해야 된다는 생각도 결코 안 드는데... 솔직히 별로였어요... 끌리지 않아요... 관객을 사로잡는 맛이 없어요
악마가 이사왔다,실관람객,6.0,10분으로 재편집하면 더 재밌었을 것 같다
악마가 이사왔다,실관람객,6.0,에피소드를 좀더 연구했어야 하지 않았나 싶네욕
악마가 이사왔다,실관람객,10.0,생가보다 볼만했어요킬링타임용으로 추천드립니다~
악마가 이사왔다,실관람객,10.0,믿고보는 성동일 역시 재밌음
악마가 이사왔다,실관람객,1.0,심하게 재미없어요망할듯합니다ㅜㅜ
악마가 이사왔다,실관람객,5.0,배우들의 열연에도 불구하고 재미가 없어요
악마가 이사왔다,실관람객,4.0,엑시트 감독이라고 해서 좀 기대했어요
악마가 이사왔다,실관람객,5.0,흠..좀 기대했는데..생각보다 넘 별루ㅠ
악마가 이사왔다,실관람객,1.0,영화보다 나온 영화는 처음이에요ㅎ ...
악마가 이사왔다,실관람객,10.0,보고 나니 마음이 따뜻해지는 영화였어요 .강추합니다!
악마가 이사왔다,실관람객,10.0,비뚫고 보러 간 보람이 있었다 마음 가득 채워서 나옴 음악도 너무 좋았음
악마가 이사왔다,실관람객,10.0,윤아 1인2역 잘 소화해내고 매력있는 배우다 안보현과의 케미도 굿
악마가 이사왔다,실관람객,10.0,좀비딸과 비교들하던데 난 좀비딸보다 괜찮았음 윤아 개이쁨
악마가 이사왔다,실관람객,1.0,이건 노동임 영화 너무 재미없어 잠자고 왔습니다
악마가 이사왔다,실관람객,3.0,감동도 없고 재미도 없고 ....초반에 윤아의 연기가 왜 그리 오글거렸는지 영화 후반부에 가면 이해할 수 있는데 그걸 모르니 윤아 연기 보는 게 너무 오글거리고 힘들었음. 차라리 관련 설정을 초반에 설명을 해줬으면 보기가 좀 더 낫지 않았을까 싶다. 솔직히 윤아가 이쁘게 나온 거 빼곤 볼게 없는 듯 합니다. 윤아 미모가 킥임.
악마가 이사왔다,실관람객,10.0,융프로디테님의 코믹연기와 현실에서도 꼭 그러실것 같은 순박하고 진실한 청년 길구의 이야기 잼있고 따뜻한 어른들을 위한 동화책 같은 영화 였어요 역시 엑시트 감독님 영화는 재미와 감동을 주시는것 같아요 어떤 영화든지 호불호는 갈릴수 있지만 이번에도 잘되시길 계속 보고 응원 하겠습니다ㆍ
악마가 이사왔다,실관람객,9.0,기대 안하고 봤는데 여운이 남네요 그냥 웃기기만한게 아니라서 좋았고 공감되는 부분도 있고 잔잔하게 힐링되는 영화여서 좋았어요
악마가 이사왔다,실관람객,8.0,다소 진부한 면이 있고 개연성이 부족한 부분이 있지만 가슴이 따뜻해지는 영화. 배우들 연기도 좋았다. 윤아가 의외였음. 비주얼만 좋은게 아니네
악마가 이사왔다,실관람객,10.0,영화 보고 나서 내 표정 : ;u;
악마가 이사왔다,실관람객,8.0,아예 코미디를 더 제대로 만들면 더 좋았을텐데 뭔가 애매한 느낌이 난다
악마가 이사왔다,실관람객,5.0,기대했지만 별로였습니다.
악마가 이사왔다,실관람객,10.0,엑시트 감독님 작품이라 재밌게 잘봤어요.
악마가 이사왔다,실관람객,10.0,유쾌하고 재미있는 추천
악마가 이사왔다,실관람객,8.0,이야기 리듬이 좋았네요 잘 봤습니다
악마가 이사왔다,실관람객,10.0,엑시트 감독이라 봤는데 만족함 가볍게 보기 좋아 추천
악마가 이사왔다,실관람객,2.0,진짜 재미없어요 보지마세요 참다참다 중간에 나왔습니다
악마가 이사왔다,실관람객,7.0,딱 킬링타임 용 영화였어요 뇌 빼고 볼 수 있는
악마가 이사왔다,실관람객,6.0,정말..잘 모르겠어요. 장점이 별로 없는ㅠㅠ
악마가 이사왔다,실관람객,9.0,아니 후반부를 이렇게 잘만들면서 도대체 왜 초반부 중반부를 루즈하게 만들었는지 너무 아쉽네
악마가 이사왔다,실관람객,2.0,죄송하지만.. 보다가 중간에 나왔어요. 마침 전화가 걸려와서 핑계로 나왔습니다;;;;
악마가 이사왔다,실관람객,1.0,음.. 2천원도 아까웟다정말로
악마가 이사왔다,실관람객,8.0,마지막에 눈물 줄줄. 행복해야합니다.
악마가 이사왔다,실관람객,8.0,재밋게보앗숩니다!!
악마가 이사왔다,실관람객,10.0,임윤아 너무 이쁘고 연기도 잘한다. 사랑해요. 임윤아짱.
악마가 이사왔다,실관람객,8.0,이야기들끼리 잘 맞물리진 않지만 그래도 따뜻함이 있어서 좋았다
악마가 이사왔다,실관람객,10.0,독특하고 코믹한 이야기 전개임윤아 안보현 연기가 좋았다즐겁게 볼 수 있는 영화
악마가 이사왔다,실관람객,10.0,가볍게 보기 너무 딱 좋은 영화 ㅋㅋㅋ 엑시트 봤을 때 처럼 영화 보는 동안 재미로만 잘 채워준듯
악마가 이사왔다,실관람객,10.0,가볍게 보러갔는데 생각보다 감동포인트가 있네요…. 좋은 영화네요
악마가 이사왔다,실관람객,10.0,역시 감독의 명성은 이어진다. 예고편으로 판단 하지마세요. 영화를 보신다면 당신의 생각이 바뀝니다.
악마가 이사왔다,실관람객,10.0,무해하고 편하게 보기 좋은 영화인듯! 부모님 모시고 같이 다시한번 보려고 함
악마가 이사왔다,실관람객,1.0,10분짜리 숏드라마에 어울릴 스토리와 퀄리티... 어김없이 똑같은 연기패턴.
악마가 이사왔다,실관람객,7.0,전혀 웃기지 않는 코미디를 후반부 따뜻한 이야기로 커버함
악마가 이사왔다,실관람객,4.0,영화의 모든게 올드하다
악마가 이사왔다,실관람객,10.0,한여름밤의 동화같은 영화 마지막 장면을 위해 달려간다
악마가 이사왔다,실관람객,9.0,가볍게 즐기기 좋은 영화예요
악마가 이사왔다,실관람객,10.0,엑시트 감독님다운 따뜻하고 착한 코미디. 마음도 따뜻해졌습니다
악마가 이사왔다,실관람객,10.0,자극적인 요소가 없이 일상의 이야기를 풀어가듯이 영화 흐름이 진행됩니다. 악마... 제목에서 무슨 이야기일까 호기심을 자극해서 몰입감이 좋습니다. 배우들의 연기가 좋아서 시간가는 줄 모르고 보게됩니다. 자세한 내용은 영화에서 보시길 바랍니다. 연인? 가족들과 함께 보면 좋을 것 같습니다.
악마가 이사왔다,실관람객,6.0,음..내가 지금 왜 여기에 앉아있는 거지? 윤아는 예뻤다!
악마가 이사왔다,실관람객,8.0,배우들 간의 케미가 정말 좋다. 특히 윤아 배우의 연기는 잔뜩 물이 올랐다.
악마가 이사왔다,실관람객,7.0,재밌게 잘 봤습니다~~~!~
악마가 이사왔다,실관람객,6.0,영화 색감 누가 손봤나요.. 사람 머리가 푸르딩딩깔이던데... 그리고 대사 갑분 카트캡터체리...
악마가 이사왔다,실관람객,6.0,이도 저도 아니고 잡스럽다
악마가 이사왔다,실관람객,8.0,안보현 너무 좋다 !ㅠ 잘봤어요
악마가 이사왔다,실관람객,10.0,잔잔하지만 유쾌하고 무해하고 부담없이 즐기기 좋은 영화!
악마가 이사왔다,실관람객,3.0,배우말고는 내세울게 없는 순수노잼영화
악마가 이사왔다,실관람객,7.0,무난하게 보기 좋은영화입니다. 별고민없이 편하게 봤습니다
악마가 이사왔다,실관람객,9.0,배우들 연기도 그렇고 비주얼 합이 좋네 엑시트 느낌이 난다 했더니 같은 감독이어서 놀람ㅋㅋㅋ
악마가 이사왔다,실관람객,7.0,힐링 호러? 윤아 미모 절정
악마가 이사왔다,실관람객,8.0,소소한 따뜻함을 원한다면 추천하겠지만 완성도와 재미를 바란다면 부족한 영화
악마가 이사왔다,실관람객,7.0,킬링타임용으로 봤어요~~
악마가 이사왔다,실관람객,9.0,못보던 이야기. 새로운 시도 그것만으로도 볼만함
악마가 이사왔다,실관람객,10.0,광복절 연휴에 가볍게 보기 좋아요. 중간중간 재밌는 요소도 있구..킬링타임용으로 딱이에요
악마가 이사왔다,실관람객,7.0,좀비딸 전독시에 이어 최근 한국영화는 추천하기 참 어렵네.. 윤아님은 아름다우심
악마가 이사왔다,실관람객,10.0,윤아배우가 시종일관 이쁘게 나오는 영화네요.
악마가 이사왔다,실관람객,5.0,화질과 배우와 편집은 최신인데 작법은 왜 그대로일까?
악마가 이사왔다,실관람객,7.0,순수한 모습과 악마의 모습을 한 윤아 너무 예쁘게 나왔습니다.
악마가 이사왔다,실관람객,6.0,그냥저냥 그냥저냥 이네요
악마가 이사왔다,실관람객,10.0,심심한편인데 팬심으로 봤네요
악마가 이사왔다,실관람객,8.0,재미있게 잘 봤습니다~
악마가 이사왔다,실관람객,8.0,윤아의 연기를 본것으로 만족!
악마가 이사왔다,실관람객,8.0,개연성은 많이 없지만 신선하고 슬프고 감동적이고 좋아요
악마가 이사왔다,실관람객,10.0,믿고보는 안배우와 임배우님. 무엇보다 보현배우님의 순수한 연기는 처음보는거같은데 마지막에 너무 감동이어서 눈물왈칵ㅠㅠ 연기 너무 잘하세요...그리고 윤아배우님의 코믹스럽고 귀여운 악마 같은 느낌이지만 연기를 참 잘하시네요 악마가 이사왔다 꼭 추천합니다!
악마가 이사왔다,실관람객,6.0,그냥 나중에 보시는걸 추천
악마가 이사왔다,실관람객,8.0,연기나 전반적인 느낌은 나쁘지 않으나 소재 및 이야기가 재미가 없고 연출도 특별하지 않아 아쉽네요
악마가 이사왔다,실관람객,9.0,재미있게 잘 봤습니다.
악마가 이사왔다,네티즌,10.0,지금 걸려있는 영화들중에 제일 재밌음 망가질줄 아는 윤아의 연기가 부담스럽게 다가오지도 않고 의외의 연기를 하는 안보현도 어색함이 없음 빵 터지는 장면도 많고 스트레스 날려줌
악마가 이사왔다,네티즌,10.0,"예고만 보고 흔한 코미디영화일줄 알았는데, 보는내내 빵빵터지고 후반부엔 너무 감동적이었어요 근래 본 영화중 제일 좋았어요"
악마가 이사왔다,네티즌,10.0,와.. 진짜 너무 재밌다.. 최근에 본 영화 중에 가장 감동적이면서 재밌고..최고다!!! 마음 편히 볼 수 있는 영화다!! 가족들이랑 다시 한번 방문해서 봐야겠다!! 그리고 윤아언니 너무 귀엽다ㅠ +추가) 그리고 윤아 언니 시기·질투하는 안티들이 평점을 안 좋게 주는 것 ...
악마가 이사왔다,네티즌,1.0,유치하고 오글거리고 부담스러운 억지 감동까지 ㅜㅜ 최악
악마가 이사왔다,네티즌,1.0,출근하는게 이거보다 재밌음...
악마가 이사왔다,네티즌,10.0,윤아 색다른 연기 변신 너무 좋아요 저런연기 잘하는구나 생각 든 영화 이고 좀 감동적이에요 ㅜㅜ
악마가 이사왔다,네티즌,2.0,솔직히 재미없는 영화다. 초등학생 친구들이 보면 재미있게 볼수도 있겠다는 생각은 든다.
악마가 이사왔다,네티즌,1.0,참담하다는 말로 대신 할 뿐
악마가 이사왔다,네티즌,7.0,"재밌게는 보았다만 영화가 꽤 참신한 설정이자 소재를 가지고 풀어내는 방식이 식상해서 아쉽다.감독님이 전작 성공에 힘입어서 코믹,약간의 액션(?),오컬트,드라마 그리고 로맨스의 장르들을 복합적으로 혼합해서 욕심을 부리신건 알겠는데...이게 이번엔 잘 안 어우러져 있음이 보인다.더군다나 코미디에서도 엇박자가 보이고...오칼트 장면이 나올때는 제대로 무섭게 해야 하는데...이런면들이 아쉽다.허나...자칫 오버스러워 보일 수 있는데...배우 임윤아는 이런 역할을 이렇게 잘 소화 할 줄은 몰랐으며...너드남으로 나오는 안보현은 은근 잘어울린다.임윤아 팬들은 필람각!!쿠키는 없다만...전작 생각하면 아쉬운 결과물!!"
악마가 이사왔다,네티즌,10.0,와. 드뎌 좀비딸 넘어서는 영화가 나왔네요
악마가 이사왔다,네티즌,1.0,저 관람평 처음 써보는데 정말 재미없어요 여기에 별점 5점 이상 다는 사람들 다 알바라고 확신합니다 영화에 ㅇ자도 모르는 제가 봐도 유치하고 이 내용을 돈 주고 봤다는 게.. 말이 안 돼요
악마가 이사왔다,네티즌,1.0,그냥 보지 마셈 얼마전 종영된 독수리 오형제 주말드라마가 더 잼남
악마가 이사왔다,네티즌,4.0,내용이 없던데 . 한국 영화가 요즘 왜 이러지
악마가 이사왔다,네티즌,2.0,시간떼울려고 봤는데 잠까지 재워준 영화였음
악마가 이사왔다,네티즌,1.0,그냥 아카자와 탄지로나 기다려야 할 듯...
악마가 이사왔다,네티즌,1.0,내가 뭘본건지 모르겠다
악마가 이사왔다,네티즌,7.0,영화 자체에 큰 감흥은 없는데 예전 한국 로코 생각이 났다 이제 이런류의 영화를 극장에서 볼 수 있는게 신기하단 생각이 들 정도로 오랜만이구만
악마가 이사왔다,네티즌,1.0,돈과 시간을 아끼세요….
악마가 이사왔다,네티즌,1.0,기대하고 봤는데 최근 본 영화 중 가장 재미 없어요 보는 내내 잠 개노잼ㅜ
악마가 이사왔다,네티즌,2.0,재미가 없어요.연계성도 없고
악마가 이사왔다,네티즌,1.0,왜 이렇게 찍으셧죠? 어디서 웃는건지 어디서 감동인건지?
악마가 이사왔다,네티즌,2.0,응원하고 싶어도 응원이 안되네요.
악마가 이사왔다,네티즌,1.0,뭔 이런걸 만들었냐 보지마시길
악마가 이사왔다,네티즌,2.0,지금 극장가 암흑기때 이런 수준낮은 영화는 사람들을 더 극장 안가게 만든다.
악마가 이사왔다,네티즌,10.0,커플끼리도 편하게 가볍게 보기 너무 좋아요~ 일단 선지 너무 매력있고 길구랑 케미가 너무 좋고 단순 로코라 생각했는데 배우들 연기도 괜찮고 은은한 감동과 힐링포인트도 있어서 좋았어요! 특히 윤아 연기 물오른건 알고있었지만 망가지는 연기조차 귀엽네요 ㅋㅋ
악마가 이사왔다,네티즌,2.0,저질코미디.억지스런표정.연기
악마가 이사왔다,네티즌,2.0,출산후 산후도우미 이모님이 집에오셔서 도와주셔가지구 이모님 오시는 마지막날이라 남편이랑 마지막 영화데이트 하러 나왔는데... 그냥 노잼... 오랫만이자 애기들이 다 자랄동안 못할 데이트를 이영화라니... 너무 시간이 아깝다... 노잼!! 뭔 스토리가 제대로있는것도 아니고 그나마 배우들의 연기력으로 카바친듯... 정말 노잼...
악마가 이사왔다,네티즌,6.0,킬링타임으로 보기 좋아요
악마가 이사왔다,네티즌,1.0,".... 하돈, 시간 아깝다....중간에 나오고 싶었지만 돈주고 본게 아까워서 그냥 봄...영화관에는 재밌는 영화만 내줬으면 좋겠다ㅠ 돈아까워요 10점 말이안돼... 댓글알바 같음 진짜로"
악마가 이사왔다,네티즌,10.0,영상미 음악 스토리 모두 훌륭합니다 개인적으로 최근 들어 극장서 편안하게 볼 수 있는 영화가 별로 없다고 생각을 많이 했었는데. 포스터나 이런거 보고 예상했던것보다 너무 좋은 영화였어요. 정말 편안하고 재미있게 잘 보고 왔습니다
악마가 이사왔다,네티즌,10.0,첫회 보고왔는데 넘잼나요.주말에 또봐야겠어요^^
악마가 이사왔다,네티즌,1.0,진짜 개재미없다 지루해서 졸다옴
악마가 이사왔다,네티즌,10.0,무해한 웃음이라는 표현이 딱이네... 요즘 자극적인 영화만 나와서 지쳤는데 이런 따뜻한 코미디가 그리웠음
악마가 이사왔다,네티즌,10.0,강추합니다 여름에는 악마죠 재미와 감동 좋아요
악마가 이사왔다,네티즌,10.0,아주.감동적이고무해한 재미를.주는
악마가 이사왔다,네티즌,10.0,뻔하고 유치한 신파코미디인 좀비딸보다는 신선하고 좋아요
악마가 이사왔다,네티즌,1.0,와 진짜 개재미없음 이렇게 재미없는 영화 오랜만에 봄 wow…
악마가 이사왔다,네티즌,1.0,올해 본 영화 중 가장 최악.... 중간에 나오고 싶었는데... 나왔어야함.... 내 돈 주고 안 봐서 평점 1(0점을 줄 수 없네?)
악마가 이사왔다,네티즌,1.0,기대없이 보긴 했지만...더 기대를 상실하게 하는 스토리 전개~갑작스런 퇴마사(?)의 급등장....웃으려고 들어갔던 영화관에서하품하며 나왔습니다. 다행히 조조와 대국민 영화쿠폰으로 본 4000원 영화라서 본전 생각은 덜 났지만...그래도 서운한 영화
악마가 이사왔다,네티즌,1.0,여러모로 보기 좀 힘들었어요
악마가 이사왔다,네티즌,1.0,고3 수험생 분들 많이 피곤하실텐데 이 영화 추천드립니다
악마가 이사왔다,네티즌,1.0,똘끼녀의 인생역전!!!하다하다 소재가 없으니 드라마용을 영화로 만드네...오봉순 드라마를 2시간으로 압축...아자아자 10만 가즈아!!!폭망 각~~~벌써 36살이나 먹은 유나.
악마가 이사왔다,네티즌,2.0,장르가 뭔지. . 코미디도 아니고. .감동도 없고. .폭망각 이내요. .
악마가 이사왔다,네티즌,2.0,10점은 역시 알바들인가?피식 정도가 한번인가...그게 다고올해 본영화중 젤 지겨운...에이 돈버림..
악마가 이사왔다,네티즌,2.0,기대하고 봤는데스토리도 없고..언제 끝나는지만 시계만 보았네요..졸려요..
악마가 이사왔다,네티즌,10.0,"이 영화는 정말 오랜만에 만난 잘 짜여진 영화 같았다. 보는동안 다른 곳에 눈 돌리지 않고 이 영화만 집중해서 보았다. 그만큼 연기,연출,스토리,영상미 등등 모두 완벽했고 가족들과 같이 보기에도 좋고 친구와 보기에도 좋았다. 깔끔하고 또 보고싶게 만드는 특별한 감칠맛이 나는 영화이다. 만약 이번 연휴동안 할것이 없다면 이 영화를 보면 좋을것 같다."
악마가 이사왔다,네티즌,10.0,"기분좋아지는 영화입니다. 보고있으면 미소지어지는 그런 영화,집에가면 영화한편 더 보고싶어지네요"
악마가 이사왔다,네티즌,10.0,윤아가 미쳤나봐요 놀랐어요 배우들 케미도 좋구요
악마가 이사왔다,네티즌,2.0,정말 재미없어요... 영화보다는 드라마랑 어울리는 내용과 연출이었어요
악마가 이사왔다,네티즌,1.0,한숨 쉬면서 봤습니다....
악마가 이사왔다,평론가,1.0,<전설의 고향>에서 온 <엽기적인 그녀>에게 정들 때
악마가 이사왔다,평론가,1.0,개연성의 함정에 갇힌 다정한 장르적 상상력
악마가 이사왔다,평론가,1.0,로맨스는 괜찮으나 코미디로는 불충분
악마가 이사왔다,평론가,1.0,로맨스와 오컬트를 선한 마음씨로 배합하면
악마가 이사왔다,평론가,1.0,선의로 완성된 구원의 서사
악마가 이사왔다,평론가,1.0,이상근 월드의 확장과 ‘배우’ 임윤아의 팔색조 얼굴
좀비딸,실관람객,10.0,원작이 있으면 이렇게 만들어야한다
좀비딸,실관람객,10.0,전독시 보는것보다 훨씬 재밌고 전체적으로 캐스팅이 좋은듯 특히 애용이 연기 잘함 ㅋㅋ
좀비딸,실관람객,10.0,좋아하던 웹툰인데 영화화 소식에 걱정이 많았지만 걱정이 무색할정도로 너무 좋은 캐스팅과 연기와 연출로 아주 즐겁게 봤습니다!!! 이렇게만 나오면 실사화 매번 환영입니다. 원작을 몰라도 재미있게 관람 가능할것 같습니다!! 애용이 너무 귀여워요 최고에요
좀비딸,실관람객,10.0,조정석 때문에 봤는데 이정은님 진짜 미쳤네요...캐릭터 소화력+연기 그저 최고!! 두 분 다 진짜 배역마다 사람이 달라지는 배우네요!! 믿보배♡♡♡♡
좀비딸,실관람객,10.0,가족들끼리 보기 좋고 조정석님의 연기 차력쇼가 미쳤습니다... 개인적으로 최유리님도 처음보는데 연기 정말 잘하시네요 그리고 애용이가 진짜 고양이라 이질감 없어서 좋았어요!
좀비딸,실관람객,10.0,"웹툰 싱크로율이 높아서 더 재밌었고, 특히 애용이 중간중간 너무 귀여웠어요ㅋㅋ 올여름 대박날 영화 좀비딸 맞는 듯"
좀비딸,실관람객,10.0,웃다 울다 너무 재밌었어요. 웹툰이랑 싱크도 높구요. 애용이 짱 귀여워><
좀비딸,실관람객,10.0,너무 재미나게 잘봄 무엇보다 조정석 배우님 그 능청스러운 연기 이정은 배우님의 캐릭터 소화 ㅋ진짜 유쾌 그리고 중간중간 감동도 있고 여름휴가때 온가족 보기 딱 좋은 영화 그중 젤 귀여운거는 반려묘 ㅋㅋㅋㅋ 애용이 진짜 매력 쩔어요 ㅋㅋㅋ
좀비딸,실관람객,10.0,이번 여름에 볼 영화 없었는데 가족 영화로 최고인 것 같아요 ㅠ 조정석 조여정 연기 미쳤다리.. 최고최공
좀비딸,실관람객,10.0,좀비딸을 보려고 기다렸는데 역시 기대한 보람이 있어요.조정석 배우와 이정은 배우 연기가 너무 좋았고 애용이 너무 귀여워요^^
좀비딸,실관람객,9.0,웃음보다 눈물을 참기 어려웠던 영화 ㅠ
좀비딸,실관람객,5.0,지루하고 오글거려서 너무 힘들었는데 의외로 평가 좋아서 당황스럽다
좀비딸,실관람객,8.0,좀비가 되어도 넘버 원일 수밖에 없는 내 소중한 존재에 대하여...
좀비딸,실관람객,1.0,중학생 수준의 스토리와 대학 과제 수준의 연출의 환장 콜라보. 그럼에도 이를 찬양하는 좀비 관객. 진심으로 이게 재밌습니까?
좀비딸,실관람객,4.0,재미없고 유치했다.웃기라고 만든 포인트도 하나도 안웃기고감동하라고 만든 포인트도 너무 억지스러웠다아이들 데리고 가족영화로 보기엔 적합하다고 생각
좀비딸,실관람객,1.0,네이버 평점 보고 갔다가 잔뜩 실망했어요…
좀비딸,실관람객,10.0,좀비 주제인 영화 많은데 좀비딸은 아예 다른 스타일이라서 그런 점이 새로웠고 원작 너무 잘 살림!! 소재 신선하고 찐한 감동이랑 웃음 다 있어서 누구든 편하게 볼 수 있는 영화라는 생각이 들었음 난 개인적으로 매우 만족!
좀비딸,실관람객,1.0,"개인 취향인지 너무 유치했음. 좀비 탈출하려고 좀비흉내내는건 진짜 진짜 이게 뭔 영화야 할정도였는데, 같이간 초2아들은 즐겁게 본거같고 초6 아들은 나랑 비슷하게 유치해했네요. 평점10점이 그저 놀랍습니다. OTT나오면 볼걸 돈아깝단 생각이 든영화였습니다. NO.1 노래는 좋네요. 진짜 영화 홍보 알바와 마케팅이 심하다 새삼 느끼게 만든 영화란 생각이 듭니다."
좀비딸,실관람객,10.0,이렇게 원작 싱크 높은 캐스팅은 처음인거 같음 배우들이 생활 연기에 달인들이라 영화 보는 내내 계속 몰입해서 봄 눈물도 나고 웃기도 많이 웃었음
좀비딸,실관람객,10.0,웹툰이랑 싱크로율 진짜 대박 ㅋㅋ솔직히 조정석표 코미디 실패하기 힘든 거 인정할 수밖에 없다 진짜 ㅋㅋㅋㅋ
좀비딸,네티즌,1.0,"누군가는 진실을 말해야 한다고 생각합니다말도 안되는 개연성, 억지 감동, 억지 신파, 미동도 안가는 개그… 돈 아끼세요"
좀비딸,네티즌,1.0,"평점알바에 속았습니다.. 너무 지루해서 무표정으로 봤고 몇명은 아예 나가버림. 웃음도 재미도 감동도 없고, 배우들 연기와 억지개그, 신파로 버무린 20년전 한국영화 스타일. 이런건 이제 그만할때도 되지 않았나?? 대충 만들어도 10점주는 사람들 있으니 관객..."
좀비딸,네티즌,1.0,엄청 재밋는줄알았는데 막상보니...쫌 실망햇어요ㅠㅠ
좀비딸,네티즌,1.0,평점 실화인가요?_?지인이 재밌다해서 갔는데...진짜 핵핵핵핵 노잼....어디가 슬프고 어디가 재밌는지도 모르겠는...영화끝나고 다들 ????이표정..총을 그렇게맞고 안죽는건 또 뭐고...생각나는건 보아노래밖에 없음 그리고 노래도 완전 옛날노래^^..내가 제일잘나가는 뭐고...
좀비딸,네티즌,2.0,아~관람평 확실한가요? 그냥 말이 안 나오네요최악이였습니다
좀비딸,네티즌,2.0,그닥 재미도 감동도 와닿지 않았음
좀비딸,네티즌,1.0,유치 뽕짝 초딩 영화입니다
좀비딸,네티즌,2.0,세싱에 웃기지도 않고 (억지웃음깅요) 액션도 후벼파는 감동도 없는데…. 그냥그러려니…. 하는 부녀간의 사랑정도…임팩트만…이렇게 열광하다니…다행이다 극장에사람이 나오니…. 평점 9점에 놀란 영화인 드림….
좀비딸,네티즌,1.0,네이버 평점 믿고 영화보러가시는분들다시생각하세요~ 아직도 별점 알바있는듯....
좀비딸,네티즌,1.0,심형래 라스트갓파더 이후 이런 감정은 처음.감독 연출 똥망에 억지신파 예고편 보고 개봉일에 본 내가 밉다
좀비딸,네티즌,1.0,누군가는..말해줘야해....제발 보지마세요....이딴걸 영화라고 만들었냐
좀비딸,네티즌,1.0,진짜 개노잼이다 인생을 낭비했다 싶을정도로 지루해서 중간중간 잠들었음 이거 왜 리뷰가 좋은거에요ㅠ 애용이도 중간중간 ai 개티남
좀비딸,네티즌,1.0,와 ㅅㅂ 알바 존나 많네 빵원티켓도 아깝긴 올만이네 ㅋㅋ
좀비딸,네티즌,1.0,지루하고 재미없어요.. 피하세요
좀비딸,네티즌,2.0,뻔한스토리 ocn에서 매일 틀어줄 영화 굳이 돈주고
좀비딸,네티즌,2.0,한국영화발전을 위해 기부했다 생각할게요네플릭스로 나와도 보기힘들거같아요
좀비딸,네티즌,1.0,진짜 오랜만에 극장 갔는데 역시나 이러면 한국영화는 답이 없다....억지 코메디에 신파...
좀비딸,네티즌,2.0,유치 합니다.. 여자애들은 좀 웃는듯 단순한 사람들한테는 웃길지도?
좀비딸,네티즌,1.0,알바들 바글바글그렇게 살지 마라
좀비딸,네티즌,10.0,하나도 안웃긴것 처럼 웃기게 연기하는 조정석의 연기는 정말 최고입니다. 또 유치한 영화를 만들었네 하다가도 감동의 눈물로 돌아섭니다.
좀비딸,평론가,10.0,몸이 굳어가는 한국영화에 생기를 불어넣는 항체가 되기를
좀비딸,평론가,10.0,간결하고 정확한 스윙으로 쌓아올린 웃음 타율
좀비딸,평론가,10.0,"기묘한, 가족 신파"
좀비딸,평론가,10.0,어릴 적 사랑 담긴 배방구를 부르르 받은 것만 같이 웃음이
좀비딸,평론가,10.0,시큰둥한 사람까지 기어코 울리겠다는 의지
F1 더 무비,실관람객,8.0,우스만 뎀벨레 명품연기 잘 봤습니다.챔피언스리그 우승 축하드리고 축구와 연기 두마리 토끼 모두 잡았네요.
F1 더 무비,실관람객,9.0,"저렇게 살고, 저렇게 죽고싶게 만드는 것. 만가지 미학과 이론에 선행하는 영화적 감동의 본령."
F1 더 무비,실관람객,10.0,"땅건 사운드 미쳤습니다. 상영관 바닥도 울려버리네요. 이건 꼭 극장에서, 그것도 아이맥스, 돌비, 광음과 같은 특별관에서 보셔야 합니다! 출력이... 와....대박"
F1 더 무비,실관람객,10.0,"F1 쥐뿔도 모르지만 빵형 하나 때문에 아이맥스로 봤습니다. 근데.. 그 안에 녹아있는 드라이버들의 노력, 팀원들의 환상적인 팀웍과 노고, F1만의 전술, 그리고 타이어의 중요성까지. F1 뽕 제대로 차며 정말 오랜만에 심장 뛰는 영화를 봤습니다."
F1 더 무비,실관람객,9.0,폭발하는 도파민과 압도적인 ‘카’타르시스
F1 더 무비,실관람객,9.0,극장이 존재해야 하는 이유
F1 더 무비,실관람객,10.0,레이싱 장면이 체감상 90퍼센트처럼 느껴지기에 아이맥스나 돌비 추천. 음악도 잘 나와서 눈과 귀 다 즐거움. 그리고 브래드피트 왜 이렇게 멋있냐
F1 더 무비,실관람객,9.0,"스토리는 살짝 아쉽긴하지만 연출,cg 이런건 압도적이다. 내가 직접 레이싱 하는느낌도 있고 시원시원함"
F1 더 무비,실관람객,9.0,헤리케인도 라라랜드에서 연기 잘 하던데 뎀벨레도 꿀리지 않네요. 광음시네마로 생생한 현장감 느끼며 끝내주는 음악과 소울을 울리고 왔네요.
F1 더 무비,실관람객,7.0,낭만과 멋을 아는 올드스쿨 형님들.
F1 더 무비,실관람객,10.0,나도 2시간 반동안 F1 시트에 앉았다.
F1 더 무비,실관람객,10.0,"f1 팬으로서 이런 영화 만들어줘서 고맙습니다,,"
F1 더 무비,실관람객,7.0,'그' 순간에는 음악조차 필요 없었다
F1 더 무비,실관람객,10.0,탑 건이후로 가장 만족.처음으로 네이버에 별점남깁니다.
F1 더 무비,실관람객,10.0,브래드피트는 늙어도 브래드피트다
F1 더 무비,실관람객,10.0,극장에서 보는걸 강추!!영화보고 뽕에 취해엑셀 밟는건 주의!!안전운전하세요~
F1 더 무비,실관람객,10.0,뭐이런 영화가…이건 꼭 영화관에서 봐야돼….
F1 더 무비,실관람객,10.0,탑건의 골수팬으로서 가히 땅건이라 부르고싶음
F1 더 무비,실관람객,10.0,뜨거운게 뭔지 아는 영화
F1 더 무비,실관람객,8.0,OTT가 줄 수 없는 환희와 감동. 미친 듯이 달리면서 왜 달리는 지를 생각한다.
F1 더 무비,실관람객,10.0,브래드 피트 나이 먹어도 왜 이렇게 멋있냐
F1 더 무비,실관람객,10.0,흥미진진해요 도파민터지고 졸려죽겠다는 신랑 끌고갔더니 좋아죽네요
F1 더 무비,실관람객,9.0,나이가 들어도 젊음을 유지할 수 있는 건 나를 던질 정도로 열정을 갖고 있는것 아닐까. F1 레이싱에 대해서 잘 몰라도 재미있게 즐기실 수 있는 영화.
F1 더 무비,실관람객,10.0,이 영화를 보고 난 후 제 sm5가 M5가 되었습니다.
F1 더 무비,실관람객,10.0,4DX 기준. 정말 레이싱 하는 기분이 들게 하는 영화. 유니버설스튜디오에 놀이기구 타는 느낌. 집에 장난감 핸들이라도 있다면 가져가시길… 마지막 제로의 영역에 들어설 때의 그 경험은 정말 어디에서도 못느껴볼 감동적인 경험이었습니다 ㅠ 몰입만으로...
F1 더 무비,실관람객,9.0,인물 간의 깊은 서사는 조금 부족할지라도 레이싱의 심장 떨리는 그 긴장과 전율은 놀랍도록 극적으로 표현했기에 시간 가는 줄 모르고 재밌게 봤음. 돈값은 충분히 하는 충실한 팝콘무비였음! 마지막엔 뻔할지몰라도 나는 찡하고 감동적이었음
F1 더 무비,실관람객,10.0,"진짜 까리하다 영화 ㅋㅋㅋㅋ 모르고 봐도 이거 탑건감독이 만들었네 싶은 멋, 깔끔함이 있음 어떻게 이렇게 한정적인 스토리에서 미션임파서블 보는 듯한 긴장감을 주는지 대단함. 특정 순간에는 영화관 인원 전체가 같이 몰입하면서 응원하고 있다는 느낌이 들어서 특별한 경험이었음 완전 강추."
F1 더 무비,실관람객,8.0,브래드 피트는 언제까지 멋있는 거야
F1 더 무비,실관람객,7.0,한계를 돌파하는 순간의 고요함과 폭발을 담았다.
F1 더 무비,실관람객,10.0,아직 안본건가??? 부럽다...레고 f1 사러가는중..
F1 더 무비,실관람객,10.0,돈 보다 중요한 우리 삶의 우선순위를 한번 생각해 볼 수 있어서 좋았습니다. 극장 관람 필수입니다.
F1 더 무비,실관람객,9.0,와 사운드 진짜 미쳤다 ㅋㅋㅋㅋ 의자 진동때문에 진짜 옆자리 탄 줄 ㅋㅋ 삽입곡도 다 너무 좋고 로제님 노래도 있더라구요 ㅎ 무엇보다 빵형 너무 멋있음 진짜 ㄹㅇㄹㅇ!! 스토리는 살짝 아쉬워서 무조건 영화관에서 봐야할듯해요.. 광음이 돌비보다 섬세함이 아쉽긴한데 레이싱하는장면이 많아서 강추! 아맥이랑 포디도 볼까 고민중
F1 더 무비,실관람객,10.0,개미침.. 육아스트레스 뻥 날림. 4디엑스로 꼭 봐야함.. 브래드피트가 이렇게 섹시하다니... 노인네인데 섹시미 폭발 노인... 눈빛이 미쳤다!!!
F1 더 무비,실관람객,10.0,이게 영화지 28년후 보고나서 보니깐 속이 다시원 분노바이러스 치료받게됨
F1 더 무비,실관람객,10.0,진짜 개재밌습니다...
F1 더 무비,실관람객,10.0,너무 재미있게 봄근데 로맨스는 굳이?
F1 더 무비,실관람객,10.0,영화관을 가는 이유를 알려주는 영화
F1 더 무비,실관람객,10.0,"탑건을 좋아했다면, 꼭 봐야 할 영화자동차는 늘 남자의 가슴을 뛰게한다"
F1 더 무비,실관람객,10.0,F1 고증 안맞아서 불만들이 있는데 나같은 차알못들한텐 오히려좋다극장에서 다큐를 보고싶은게 아님
F1 더 무비,실관람객,10.0,f1 찐팬으로서 받아들이기 힘든 장면이 몇몇 있었지만… 그래도 너무 재밌었음
F1 더 무비,실관람객,10.0,집에서 본다는 이상한 생각하지말고 무조건 영화관에서 보세요
F1 더 무비,실관람객,10.0,영화관에서 봐야하는 영화 지인한테 재미있다고 추천할수있는영화
F1 더 무비,실관람객,10.0,스피드에 온몸을 맡기며 짱 재밌게 봤습니다. 빵형은 사람이 나이가들수록 무르익는다는 표현의 표본이것같아요. 젊을때나 지금도 완젼 멋지네요.
F1 더 무비,실관람객,7.0,브래드피트와 중2가 레이싱하는 영화
F1 더 무비,실관람객,9.0,극장에서만 할 수 있는 영화적 체험. 톰과 함께 하늘을 날고 빵과 함께 트랙을 달린다
F1 더 무비,실관람객,7.0,"어느 정도 예상되는 내용이지만 낭만과 떨림으로 커버한 영화, 아이맥스나 돌비시네마로 관람하는 걸 추천"
F1 더 무비,실관람객,7.0,브래드피트 하비에르 바르뎀
F1 더 무비,실관람객,9.0,잘한다 잘한다 하니까 진짜 잘하네
F1 더 무비,실관람객,8.0,오늘 빵 형의 탑건을 봤다.
F1 더 무비,실관람객,9.0,아는맛이지만 맛있구만
F1 더 무비,실관람객,10.0,이런건 필히 극장에서 봐줘야합니다.
F1 더 무비,실관람객,10.0,최고예요. 한 번 더 보려고 합니다.
F1 더 무비,실관람객,7.0,스토리는 없는데 레이싱 장면이 많이 나와서 몰입해서 봤어요 체험형 영화네요 주인공도 멋지구요
F1 더 무비,실관람객,10.0,극장의 존재이유를 보여준다
F1 더 무비,실관람객,10.0,계속 보고싶어진다 미쳤음
F1 더 무비,실관람객,10.0,버스타고 가서 봐라 오는길에 과속해서 OO뻔 했다
F1 더 무비,실관람객,10.0,인생작. 이런리뷰첨써본다
F1 더 무비,실관람객,10.0,제발.. 극장가서 보세요.. 정말 돈 아깝지않은 소중한 시간입니다. 정말 잘 봤어요 끝까지 소름이 미칩니다.
F1 더 무비,실관람객,10.0,다른 설명이 필요없는.. 이게 바로 영화다
F1 더 무비,실관람객,9.0,f1 대충알아도 재미있어요 ㄹㅇ 기대치만큼은아닌데 2시간 반 지루하진 않아요
F1 더 무비,네티즌,10.0,영화를 보고 집에 오는 길에 과속 단속에 걸렸습니다. 영화 보고 차 사동을 키고 엑셀에 발을 올렸는데 모든게 다 느려보이더라구요. 옆 차선 차가 끼어들라는거 평소였음 양보했을텐데 엑셀에 발이 올라갑니다. 물론 박아버리진 않았어요. 저에겐 소니도 조슈아도 ...
F1 더 무비,네티즌,10.0,개쩌는 전율의 드라이빙
F1 더 무비,네티즌,10.0,그냥 ㅈㄴ 올해 가장 sexy한 영화.
F1 더 무비,네티즌,10.0,이정도면 자동차 경주에서 최고로 보여줄건 다 보여준거다..스피드감이나 엔진음도 충분하다. 엘리멘탈에 이어 소문으로 나중에 엄청나게 흥행한 영화.
F1 더 무비,네티즌,10.0,올해 최고영화 특히 사운드 미친듯 너무 감동 입니다
F1 더 무비,네티즌,10.0,최고 아이맥스로 봐야함
F1 더 무비,네티즌,10.0,극장관람을 꼭 추천드립니다
F1 더 무비,네티즌,10.0,최근 2~3년간 봤던 영화중에 제일 재미있었음! 브레드피트 겁나 멋짐!!
F1 더 무비,네티즌,10.0,알고보니 손흥민 영화네요... SONNY 7
F1 더 무비,네티즌,10.0,왜 영화관이 존재하는지 설명해주는 영화
F1 더 무비,네티즌,10.0,"그냥 보세요. 두번 보세요.영상 퀄리티, 사운드 미쳤습니다. 남자라면 안 좋아할 수가 없는 엔진음.F1의 속도감, 브래드피트의 연기, ost 가 모두 조화롭게 어우러져 완벽 그 자체입니다.스토리는 독창적이지 않으나, 독창적이지 않은 스토리도 f1 이라는 소재가 다 커버해줍니다. 화면이 큰 극장일 수록 더 몰입해서 볼 수 있을 것 같습니다.꼭 보세요"
F1 더 무비,네티즌,10.0,왠지 모르게 중년의 나에게 고생했다 말 해주고 싶게 만드는 영화. 그리고 틀리지 않았다고도 말 해주고 싶은 영화. 그리고 더 해보자고 격려해 주고 싶게 만드는 영화.
F1 더 무비,네티즌,9.0,OST가 chill하고 hip함..
F1 더 무비,네티즌,8.0,영상효과나 음악은 좋았으나 연출적으로 빈약한 느낌이 강했습니다... 특히 싸우자! 하면서 책상 치는 거는 좀 많이 오글거렸습니다...
F1 더 무비,네티즌,10.0,전직 레이서다. 내가 본 레이싱 영화중에 최고다. 꼭 4d로 보기를 추천한다.
F1 더 무비,네티즌,7.0,오글거림과 느끼함이 있지만 F1팬이라면 한 번쯤은 보는것도 나쁘지 않다. 말도 안 되고 억지스러운 장면은 제치고.. 레이싱 보는 재미는 있다. 물론 자신이 F1을 잘 안다면 불편하거나 말도 안 되어서 헛웃음 나오는 장면이 있을 수 있지만 판타지 영화라 생각하면 재미있게 볼 수 있다. 부족한 서사는 아쉽지만.. 방구석에서 TV로만 보던 엪원을 스크린에서 보는 것만으로도 감사하고 신기하달까?
F1 더 무비,네티즌,10.0,넷플릭스가 영화관을 없애지 못하는 이유
F1 더 무비,네티즌,10.0,최고의 레이싱 영화. 꼭 극장에서 보세요
F1 더 무비,네티즌,10.0,내 인생 최고의 영화! 탑건보다 더한 감동!!
F1 더 무비,네티즌,8.0,F1 팬이라면 한번쯔음은 볼만한영화~F1을 알면 오글 F1을 모르면 그냥 액션영화리카도가 없는 아쉬운 한편 ~
F1 더 무비,네티즌,10.0,와 이거슨.. 무조건 4dx.. 살면서 영화관에서 본 4dx 영화 중 1등임
F1 더 무비,네티즌,10.0,오랜만에 돈 값하는 영화나옴
F1 더 무비,네티즌,7.0,"그 속도와 굉음은 매우 훌륭, 이야기는 평범하지만 오히려 그런 평범함이 특별함을 돋보이게 한다"
F1 더 무비,네티즌,10.0,시간이 어떻게 가는지 모르겠음 돌비로 추천 피트 형님은 왜 여전히 멋있으십니까
F1 더 무비,네티즌,10.0,"늙어도 멋있는 빵오빠 ,, F1 팬될듯"
F1 더 무비,네티즌,9.0,탑건:매버릭의 감독이 만든 영화. F1포함 블록버스터 영화 주인공들이 다 5060이라 많은 메시지를 준다. 쫓기듯 퇴직하는 수많은 베이비부머에게 영감을 줄 수 있길. 남과 비교하지말고 자신만의 타임라인에서의 '정진'이 의미있다. 승리가 고귀한게 아니고 어제의 나를 이기는것이 고귀하다..
F1 더 무비,네티즌,10.0,탑건을 능가하는 감동역시 한머 짐스
F1 더 무비,네티즌,9.0,"그란투리스모에서 얻은 자동차경주지식이 이영화이해하는데 많은도움이 됐음ㅋㅋㅋ..이거보실분,먼저 그란투리스모보시면 한결 더 잘보실듯^^ㅎㅎ..재밌게 잘봤어요^^~~~"
F1 더 무비,네티즌,10.0,"내 인생 영화가 되었으며, 영화 끝나고 나자마자 또 보고 싶다는 생각을 들게 만든 영화였다. IMAX로 봤는데 더 큰 화면에서 보는 웅장함이 있었다."
F1 더 무비,네티즌,10.0,올해 상영한 영화중 No.1
F1 더 무비,평론가,10.0,흥분과 환호 사이 두통도
F1 더 무비,평론가,10.0,전작과 동일한 방식의 할리우드 아이콘의 노스탤지어적 소환
F1 더 무비,평론가,10.0,서킷을 압도하는 영화의 묵직한 다운포스
F1 더 무비,평론가,10.0,"아이맥스로 보잖아, 이건 정말 OTT에선 꿈도 못 꿀 일!"
F1 더 무비,평론가,10.0,할리우드의 향수와 하이테크팀의 쾌적한 드라이브. 결승선까지 거뜬하다
발레리나,실관람객,10.0,존윅을 좋아하시면 무조건가서 보세요.
발레리나,실관람객,10.0,내 꿈은 발레리나였다가 소방관이었다가 존윅으로 최종 진화
발레리나,실관람객,10.0,2시간 내내 총질만 하는데 재밌다
발레리나,실관람객,10.0,존윅 스핀오프 발레리나주인공을위해 존윅을 너프하는 그런거없어서 더 좋았다힘의차이를 인정하고 잘 연출합
발레리나,실관람객,8.0,물은 불보다 강하다..
발레리나,실관람객,10.0,쉴 새 없이 몰아치는 액션씬은 가히 압도적
발레리나,실관람객,10.0,여름엔 역시 액션 영화네요심지어 주요 배경도 설경이라 더 시원하게 느껴졌습니다액션 맛도리라 n차 하러 갑니다!!
발레리나,실관람객,7.0,스토리같은건 모르겠고 2시간 내내 참 다양하게도 죽임. 총칼 접시 스케이트날 수류탄 망치 화염방사기 다 나옴. 존윅이 누군지 전혀 몰라도 볼 수 있는 스토리니까 걱정했던 사람은 그냥 가서 보셈. 판포보고 액션 적어서 실망했는데 이건 영화가 잘만들고 ...
발레리나,실관람객,10.0,존윅좋아하는데 재밋게 잘봣습니다
발레리나,실관람객,9.0,스트레스 해소에 좋아요
발레리나,실관람객,10.0,"이번 해 봤던 영화들 중에서 단연 원탑이었음.28년후, 전독시 이딴거 보다가 발레리나 보니까 계속 여운이 남을정도"
발레리나,실관람객,10.0,쉬지 않고 다양한 액션으로 볼거리가 많았음.특히 자동차 액션 연출은 기가 막혔음.
발레리나,실관람객,7.0,존윅은 그래도 스토리가 액션을 가리진 않았는데 이건 스토리가 영화에 마이너스임.. 액션도 초반 아빠 부분이 제일 낫고 대부분은 상대가 허수아비수준.. 몇몇 인상적인 카메라 연출이 있어서 그나마 7점
발레리나,실관람객,8.0,아나 데 아르마스가 넘 이쁨
발레리나,실관람객,10.0,존윅 팬이 아니더라도 액션씬 하나만으로 충분히 볼만한 영화라 생각합니다여주 액션씬에 대한 공이 잘 전달된 것 같아요
발레리나,실관람객,7.0,존 윅의 세계관을 충실히 계승한 액션의 쾌감.
발레리나,실관람객,8.0,여주 뉸나 와꾸가 시네마입니다잉
발레리나,실관람객,8.0,아나 데 아르마스 액션연기가 매우 좋고 너무 예쁘다
발레리나,실관람객,10.0,액션이 정말 많이 나와서 좋아요
발레리나,실관람객,10.0,평이 다들 안좋은거같아서 기대안하고봤는데 개인적으론 존윅 4보단 나은거같았음 신박한 액션이 많음
발레리나,실관람객,8.0,존윅을 다시 봐서 반갑네요 처음부터 끝까지 화려한 액션
발레리나,실관람객,10.0,우아한 발레리나의 파격적인 액션씬
발레리나,실관람객,8.0,시원시원한 액션만으로도 충족
발레리나,실관람객,8.0,물불을 가리지 않고 신나게 싸워 제낀다
발레리나,실관람객,10.0,영화 잘 봤습니다 재밌네요
발레리나,실관람객,10.0,최근 본 영화 중에 제일 재밌다
발레리나,실관람객,10.0,물과 불의 전쟁.기다린 시간의 보상을 확실히 받았다!
발레리나,실관람객,8.0,존윅이 다시 나와서 반가웠음
발레리나,실관람객,8.0,카푸치노 발레리노 존잼
발레리나,실관람객,8.0,영화가 정말 화끈하네요
발레리나,실관람객,9.0,"전반적으로 존윅 시리즈 세계관의 설정을 채우고 쌓기 위해서 나온 영화라는 느낌이 듦. 런타임 내내 액션이 이어지는데 약간 방탈출 느낌이 났지만 계속 장면이 바뀌니까 나쁘지 않았음. 다만 이전 시리즈에서 내내 칼같이 지켜졌던 전투의 핍진성이 다소 희생됐고, 이브가 주인공보정을 너무 받거나 상대가 여자라고 우습게 보다가 혹은 봐주며 싸우다가 당하는 경우가 너무 많다는 생각이 들었음. 액션에서 제일 인상깊었던 건 아무래도 화염방사기 씬인데, 이게 처음에는 4편의 실내 드래곤브레스 씬처럼 신박했는데 너무 길게 이어지면서 흥이 떨어졌고, 가스 거의다 써갈때 쯤에 꼭 그렇게까지 한 사람한테 잔인할 정도로 여러번 쐈어야 했나 싶은 느낌도 듦. 그래도 3편에 나왔던 디렉터의 발레 리허설 씬에서 착안해서 이정도로 스핀오프를 만든 것 자체는 정말 대단하다고 생각함. 타짜1편에서 고광렬이 고니대신 삼촌이랑 누나 방문하는 씬이랑 타짜2편 초반을 연결시킨 것과 비슷한 느낌이랄지.. 총체적으로는 재밌게 봤고, 시리즈의 사생아가 아니라 적통 후손은 맞다고 생각함."
발레리나,실관람객,7.0,"쏘고 베고 불 지르고, 썰리고 빵빵 터지고, 시원한 액션을 원한다면 만족할 선택"
발레리나,실관람객,7.0,존윅.... 이라고 했다...
발레리나,실관람객,7.0,"존윅이라는 캐릭터를 함부로 소모하지 않고 지켜낸 스핀오프, 그 자체로 가치 있다."
발레리나,실관람객,8.0,살짝 연기가 애매하긴한데 쓰레기 한국영화보다 훨씬 값어치있다
발레리나,실관람객,10.0,시원시원하게 치고나가는 맛이 있는 액션영화. 온갖 다채로운 액션이 펼쳐지니 눈 돌아가기바쁘게 흘러간다. 화염방사기 액션은 정말 독특하네. 아주 잘 빚어진 S급 액션영화. 약간 우크라vs러시아 전쟁이 연상되는 부분이 있다. 정말 액션 하나하나가 리얼하고 고난도라 시간 가는줄 모르고 보게된다. 꼭 영화관에서 봐라. 돈이 아깝지 않은 영화다. 좀비딸같은 쓰레기영화 보느니 이런 진짜 영화를 봐야지.
발레리나,실관람객,7.0,장르에 충실한 아는 그맛
발레리나,실관람객,10.0,액션 좋아하면 꼭 봐야함연출도 너무 잘함
발레리나,실관람객,9.0,액션이 시원시원해서 좋네요. 존윅 시리즈 좋아하시는 분들 필관작인듯
발레리나,실관람객,10.0,발레리나 재미있게 잘 봤습니다
발레리나,네티즌,6.0,사이비 종교 때려 부수는게 여간 어려운게 아닌걸 보여주는 영화
발레리나,네티즌,10.0,전에 f1을 평점 10점을 주었는데 괜히준거 같다 f1이 10점이라면 이영화는 13점이기 때문이다 영화를 본지 30분에서 1시간 이쯤에든 생각은 와 존나재미있다 이다 여성액션을 이렇게 재미있게 또 짜치지않게 본적은 이번이 처음이었다 또 존윅의 이용이 과하여 ...
발레리나,네티즌,9.0,모든것의 시작이 개한마리였다면 이번에는 한사람의 죽음으로 영화를 이렇게 완성도 있게 만들었네. 영화중간에 누가 참전하는지 보면 마블은 왜 하는 족족 망하는지 이거보고 배워라
발레리나,네티즌,10.0,아버지에 대한 복수.. 멋진 연출과 액션 완벽한 킬러
발레리나,네티즌,10.0,지금 개봉하는 영화들 다 비벼도 이거 하나 못이기는데 이걸 안봐주네 ㄹㅇ 이게 영화지 진짜 오랜기간 제대로 만든거같은 유일한 영환데
발레리나,네티즌,10.0,액션 좋아하시면 강추 !! 존윅 시리즈 좋아하면 추천해요
발레리나,네티즌,6.0,제목이 왜 발레리나인진 의문. 그냥 여자 존윅이 존윅했다. 개연성에 의문이 있어 별점 더 주진 못하겠다. 액션 매니아라면 충분히 2시간 볼만은 하다
발레리나,네티즌,10.0,너무 재밌었음ㅋㅋ근데 여주인공과 비교해 수영님 얼굴이 넘 크고화장발이였던건지 머리발이였던건지...못생기게 나옴여주인공 존윅 앞에서는 약하지만다른이들에게는 강한것도 좋았음ㅋㅋ역시 존윅 압도적
발레리나,네티즌,7.0,스토리 개연성 부족을 액션으로 만회함
발레리나,네티즌,10.0,우리나라 영화와 비교가되지않을만큼 액션및 스토리가 탄탄함
발레리나,네티즌,8.0,그냥 뇌빼고 액션만보면 됩니다. 주인공이 어그로라는 어그로는 다 끌고 적들도 굳이굳이 정면돌파해서 온갖무기로 죽습니다. 사람들의 내구도도 좋아서 모두들 아무리 찔러도 움직입니다. 다만 내구도 n빵하는지 적들이 많아지면 금방죽습니다.
발레리나,네티즌,10.0,존윅 팬으로써 아주 만족한 스핀오프 총기점 수류탄 액션은 이 영화의 백미임 기대한만큼 충족시켜 준 오랜만에 재밌게 본 영화 그리고 여담이지만 아나 데 아르마스 캐스팅은 진짜 좋았다 나이보고 놀랄정도의 동안..작중 나이가 20전후일텐데 전혀 이질감이 없음
발레리나,네티즌,9.0,ㄴ수영.정두홍감독님 반가웠네요
발레리나,네티즌,10.0,"거미줄에 걸린 소녀, 안나 이후 오랜만에 보는 제대로된 여성액션영화. 쉴 틈 없는 액션의 연속이지만 아나 데 아르마스, 연기가 좋다. 나이브즈 아웃에서 처럼"
발레리나,네티즌,10.0,물vs불 씬은 좀 어이없었지만 수류탄 액션은 속이뻥~
발레리나,네티즌,10.0,"다앙한 소재의 액션, 특히 눈과 물과 불의 액션이 눈에 들어온다. 스토리보다는 액션을 좋아한다면 볼만하다!"
발레리나,네티즌,10.0,액션 쾌감이 대단한 영화입니다. 청소년관람불가등급이라 등수가 낮은게 안타깝네요.
발레리나,네티즌,10.0,기대하고 봤는데 기대이상인 영화였어요. 돈아깝지 않은 영화를 본게 언제였는지 기억도 안나는데 돈이 안아깝네요. 주인공부터 모든게 대만족스럽습니다!
발레리나,네티즌,10.0,휘몰아치는 액션씬 보고잇으면 스트레스 풀린다
발레리나,네티즌,6.0,존윅의 여성형판 액션은 시원시원해서 좋았으나스토리가 없어서 살짝 내용이 루즈한면이 있음
발레리나,평론가,6.0,파트너 없는 단독 무용담이 궁금해진다
발레리나,평론가,6.0,누가누가 잘 죽나
발레리나,평론가,6.0,생떼를 근성으로 착각
발레리나,평론가,6.0,프랜차이즈의 정수를 모범적으로 계승한 액션 오락물
킹 오브 킹스,실관람객,10.0,"경이로운 하나님의 사랑과 선하심, 예수님의 희생이 믿어지는 과정에서 도움이 되는 영화였습니다. 항상 사랑하고 감사드립니다. 나의 하나님, 그리고 예수님.."
킹 오브 킹스,실관람객,10.0,나의 삶의 가치를 다시 떠올리게 한 시간이었어요 오늘을 열심히 살아내야 할 이유를... 예수님의 따뜻한 눈길 속에서 찾았습니다
킹 오브 킹스,실관람객,10.0,말이 필요없는 감동입니다.이미 아는 성경이야기인데도 새로운 이야기를 듣는 것 같았습니다. 빠져들어 시간이 지나간 지도 모르게 봤습니다.영상미 역시 최고입니다.여러번 영화관 찾으려고 합니다.
킹 오브 킹스,실관람객,10.0,진정한 왕의 이야기를 이해하기 쉽게 풀어낸다.
킹 오브 킹스,실관람객,8.0,영상미 음악 너무 훌륭했어요.! 자랑스럽습니다 한국인-
킹 오브 킹스,실관람객,10.0,예수님 이야기였구나 잼게봄
킹 오브 킹스,실관람객,8.0,잘만든 한국산 기독교 애니메이션
킹 오브 킹스,실관람객,10.0,병헌리가 들려주는 신선한 웰메이드 기독교 애니메이션
킹 오브 킹스,실관람객,8.0,하늘에 계신 우리 아버지… 아멘…
킹 오브 킹스,실관람객,8.0,기독교인이라면 볼만할듯
킹 오브 킹스,실관람객,8.0,예수님은 절대 돈많고 권력있는 자들 편에 서지 않으셨다. 한국교회 정신차려라. 하나님이 주신 마지막 경고다.
킹 오브 킹스,실관람객,7.0,"예수님의 일생을 훑는 스토리는 괜찮았으나 전문 성우들을 좀 썼으면 어땠을까 하는 아쉬움이 큼. 막상 알짜배기 성우들은 사람1&사람2로 쓰고, 배우들이 주인공 역할을 하다보니 아이러니했음. 딕션과 억양도 배우들은 성우를 따라가기에는 역부족이었음. ..."
킹 오브 킹스,실관람객,10.0,맨 마지막에 찰스디킨스가 자녀에게 들려주는 <예수 그리스도에 대하여>라는 내용처럼 자녀들뿐만이 아니라 비기독교인에게도 예수님이 어떤 분이신지 전해주는 <예수 그리스도의 생애>로 너무 잘 만들어진 영회입니다.10년의 제작기간동안 이 영화를 위해 애쓴 모든 분들께 감사드립니다.
킹 오브 킹스,실관람객,10.0,"한국 더빙판은 차라리 전문 성우들이 했으면 좋았을텐데, 자막판을 추천합니다."
킹 오브 킹스,실관람객,6.0,"작품은 괜찮게 봤습니다. 전반부는 다소 지루하게 느껴졌지만 후반부 연출은 좋았습니다. 문제는 더빙입니다. 아이들에게 이야기를 전해주는 영화이면서, 정작 아이들의 이해와 재미는 고려하지 않은 듯한 목소리 연기였습니다. 캐스팅을 본 순간부터 더빙에 대한 기대치가 높지 않았음에도 불구하고 보는 내내 진심으로 화가 날 정도였습니다. 대제사장 역의 장광 성우님과 일부 조연 분들의 연기에 얼마나 감사했는지 모릅니다. 당연하게도 그분들의 분량은 몹시 적었지만요.좋았던 영화 외엔 감상평을 잘 적지 않지만 이번만은 예외입니다. 보이스 액팅이라면 모르겠지만 더빙이지 않습니까. 이보다 별로였을 수도 있다는 건 알지만 분명히 더 좋을 수 있었습니다. 목소리 연기를 오랜 세월 연구하고 갈고닦아온 국내 성우분들이 많이 계십니다. 친절하게 만들어진 영화에 맞지 않는 불친절한 더빙이 안타까워 적어봅니다.국내 애니메이션 산업을 응원합니다."
킹 오브 킹스,실관람객,10.0,자막으로 보고 싶었지만 아이들 때문에 더빙으로 보았습니다. 그런데 더빙으로 본게 너무 잘 했다고 생각합니다. 이병헌씨의 연기가 너무 좋았습니다. 50된 아빠가 아이들 앞에서 몰래 눈물 닦느라 곤란했습니다. 강추!
킹 오브 킹스,실관람객,10.0,아름다운 예수님 이야기
킹 오브 킹스,실관람객,10.0,아이 어른 모두 같이 보기에 좋을 것 같아요
킹 오브 킹스,실관람객,10.0,많은 생각을 하게 하는 좋은 영화한국에서 만든 애니메이션이라 더 좋았습니다.
킹 오브 킹스,실관람객,9.0,성경학교시절이 떠오르네요
킹 오브 킹스,실관람객,10.0,감사합니다 잘봤습니다
킹 오브 킹스,실관람객,10.0,잘 봤습니다 잘 봤습니다
킹 오브 킹스,실관람객,10.0,영화 잘 봤습니다 재밌네요
킹 오브 킹스,실관람객,10.0,저는 무교지만 재밋게봤어요!
킹 오브 킹스,실관람객,10.0,"왜 나는 눈물이 일도 안나는 사람인데 예수님, 하나님관련해서는 울보가 되는걸까..영화보면서 계속 울컥하다가 물속에서 대속의 은혜 표현하는 부분에서 주르륵 흘렸다..역시 무언가 있다.."
킹 오브 킹스,실관람객,10.0,최고의 가족 영화입니다~
킹 오브 킹스,실관람객,8.0,이미 알고 있는 예수님의 생애 이야기지만 어린 아이 눈높이에 맞게 잘 만들어졌네요
킹 오브 킹스,실관람객,10.0,킹 오브 킹스 영화 잘 봤습니다
킹 오브 킹스,실관람객,10.0,예수님은 가장 높은곳에서 가장 낮은곳으로 오신 우리의 왕이십니다.
킹 오브 킹스,실관람객,10.0,우리를 위해 가장 낮은곳으로 오신 예수님 이야기
킹 오브 킹스,실관람객,10.0,"다른 누가 아니라, 바로 너에게"
킹 오브 킹스,실관람객,9.0,"종교와 무관하지만, 감동적이었습니다"
킹 오브 킹스,실관람객,10.0,디즈니 픽사와는 또 다른 개성이 있는 잘 만들어진 애니메이션 장면장면 영감으로 정성스럽게 만들어진 느낌
킹 오브 킹스,실관람객,10.0,더빙판보다 자막이 더 잼나네요
킹 오브 킹스,실관람객,8.0,성경 얘기를 가감없이 진솔하게 펼쳤다
킹 오브 킹스,실관람객,8.0,자막판을 추천합니다 더빙은 좀...
킹 오브 킹스,실관람객,10.0,저 평점 처음 남겨요…전 예수님 탄생장면부터 눈물이나버림너무 잘봤습니다!
킹 오브 킹스,실관람객,10.0,"이런 영화가 나오길 기다려 왔습니다. 성경 속의 이야기를 시각적으로 잘 보여주어 현대인들에게, 특히 아이들과 청소년들에게는 더욱 더 좋을 듯 합니다. 물론 어른이 봐도 감동입니다. 함께 본 중학교 3학년 아들도 눈물을 흘렸습니다. 게다가 뛰어난 영상 퀄리티와 뛰어난 음악 또한 좋았습니다. 강추입니다."
킹 오브 킹스,실관람객,10.0,가족끼리 아이들 데리고 보러가기 좋은 영화예수님이 누구신지 궁금해졌어요
킹 오브 킹스,실관람객,10.0,가장 낮은 곳으로 오신 왕중에 왕
킹 오브 킹스,실관람객,6.0,배우들 연기는 좋습니다애니매이션 영상미도 좋구요다만 내용이 뚝뚝 끊기는느낌과 엔딩시점이 애매하네요
킹 오브 킹스,실관람객,10.0,진한 여운과 감동이 전해진 작품
킹 오브 킹스,실관람객,8.0,큰기대 안했는데 정말 감동적입니다
킹 오브 킹스,실관람객,10.0,이병헌의 목소리로 끌고가는 영화.
킹 오브 킹스,실관람객,8.0,마지막에 1인칭시점으로 이야기가 요약될때 울컥하더라고요ㅠ 내안에 살아계신 예수님을 느낄 수 있었습니다!!
킹 오브 킹스,실관람객,10.0,베드로의 “저는 죄인입니다” 에서울컥 했습니다 ㅠㅠ 주님 감사합니다!
킹 오브 킹스,실관람객,10.0,"이런 시대 이런 작품이 이 나라에서 나오다니...놀랍다 저는 다른것보다 예수님 눈빛, 맹인과 중풍환자의 두려움의 눈빛이 뇌리에 박혔습니다"
킹 오브 킹스,실관람객,10.0,"이미 아는 이야기지만, 언제 들어도 좋다"
킹 오브 킹스,실관람객,8.0,별로기대안했는데 재미나게 잘봤어요
킹 오브 킹스,실관람객,10.0,"예수님의 모습을 옆에서 바라보는 느낌이었고, 여러가지 장면들을 보면서 실제로는 어떤 장면이었을까를 생각해볼 수 있는 기회가 되었던 것 같습니다.그리고 예수님의 사랑을 다시 한번 느낄 수 있는 기회가 되었던 것 같습니다."
킹 오브 킹스,실관람객,10.0,"왕 중의 왕 이야기, 미국 진출 한국영화 1위라는게 이해가 되네요^^"
킹 오브 킹스,실관람객,10.0,자랑스러운 우리 국산 애니메이션 영화 더욱 파이팅하길
킹 오브 킹스,실관람객,10.0,성경 그대로의 내용으로 구성되어 더욱 감동이 컸습니다.
킹 오브 킹스,실관람객,10.0,장엄하고 기적으로 가득찬 성경의 내용을 애니메이션의 장점을 살려 잘 표현해낸 영화였어요한편의 이야기를 듣고 나오니 시간이 너무 금방 흘러있네요 마지막 즈음 예수님과 주인공의 손이 바닷속에서 교차하는 장면이 가슴에 잊혀지지 않아요나를 위해 대신 죽으신 예수님께 감사하며눈물이 쏟아졌습니다
킹 오브 킹스,실관람객,6.0,"예수님의 희생적이고 성스러운 발자취, 그 길을 따라서..."
킹 오브 킹스,실관람객,7.0,"아이들에겐 좋은 시청각 자료, 어른들에겐 점점 더 밀려오는 감동."
킹 오브 킹스,실관람객,10.0,성경을 아이들이 보기 쉽게 잘 풀어내서 아이들과 함께보기 참 좋았어요. 미국에서 열풍을 일으킬만 했네요. 좋은 작품 잘 봤습니다.
킹 오브 킹스,실관람객,10.0,너무나도 보고싶은 영화였어요
킹 오브 킹스,실관람객,8.0,킹오브킹스 영화 잘 봤습니다
킹 오브 킹스,실관람객,6.0,무난하게 볼만했어요 괜찮았어요
킹 오브 킹스,실관람객,10.0,가족끼리 영화관에 보러갔는데 너무 좋았어요~
킹 오브 킹스,실관람객,10.0,알고 있는 성경 이야기지만 푹 빠져 감상했네요. 영상미도 너무 좋았어요.
킹 오브 킹스,실관람객,10.0,영상미 음악 스토리 등등.. 이건 정말 명작입니다…저도 크리스챤이지만.. 성경에서 보고 알고 믿던 것들을 실제 영화 속 아이처럼 현장에서 보고 느끼고 함께했던거같았습니다.. 하나님이 하셨습니다.. 여러분 꼭 보세요.. 진짜 후회안합니다ㅠㅠ Praise the Lord!!!!
킹 오브 킹스,실관람객,8.0,초등아이랑 같이봤어요~ 자막으로 볼걸 그랬나봐요. 이하늬님도 그렇고 .. 청년예수 진선규님도 더빙이 좀 별로로 느껴졌어요내용만으로도 감동적인데ㅠ 전문 성우분들이 더 잘하실듯합니다..
킹 오브 킹스,실관람객,10.0,감동적이고 은혜받았습니다 믿음으로 나아갑시다!
킹 오브 킹스,실관람객,6.0,영화의 만듦새는 좋았어요
킹 오브 킹스,실관람객,9.0,미국 박스오피스 1위하고 미국에서 개봉한 영화중에 기생충의 기록을 뛰어넘은 최고의 흥행작인 한국영화입니다 성경의 말씀을 애니로 쉽게 묘사했고 다 아는 이야기지만 애니로 보니 더 잘 쉽게 이해가 되네요 아이들과 부모님이 같이 보면 좋은 영화예요 한국애니 화이팅 ~~~
킹 오브 킹스,실관람객,10.0,"부활절, 크리스마스에 볼 영화가 생겨서 너무 감사해요! 복음의 현장에 퍼지길 소망합니다!"
킹 오브 킹스,실관람객,10.0,"우리나라에서 이 정도 퀄리티의 애니메이션이 나오다니, 놀랍고 감격스러울정도입니다. 너무 잘 아는 내용이라서 영화로 만들기 더 어려웠을텐데, 어린 아이의 시선으로 쭉 따라가는 연출이 독특하고 아주 미쳤어요. 특히 핵심인 물속 대속 장면은 아주 감동적이고 전율이 느껴질 정도로 완벽합니다. 그리고 영상미는 지금까지 본 애니메이션 중 단연코 최고 수준입니다. 장면 하나 하나가 정성이 가득하고, 화면이 다음 장면으로 넘어가는게 아까울 정도로 아름다워요. 아.. 이 감동은 말로 다 표현이 안되네요. 진짜 만드느라 고생 많으셨고, 감사합니다."
킹 오브 킹스,실관람객,10.0,아이들과 같이볼 수 있게 세심하게 제작된 점 하나하나 연출에 얼마나 고심했는지 알 수 있었습니다 왕중의왕 예수님
킹 오브 킹스,실관람객,10.0,넘 좋았어요~~^^♡♡♡♡
킹 오브 킹스,실관람객,10.0,예수님의 일생을 알차게 압축했네요~
킹 오브 킹스,실관람객,10.0,"이토록 아름답게 그려주셔서 진심으로 감사드립니다.예수님 믿는 것이 자랑스럽습니다.어린 아이의 시각을 따라 예수님 이야기를 들으니 색다르고 더 마음에 와닿습니다.저의 최고의 애니메이션이 되었고,예수님 등장부터 마지막 모습까지 눈물 없이는 못 보겠네요.진선규 배우님 목소리와 연기도 너무 좋았습니다.영원히 기억될 좋은 작품 감사합니다."
킹 오브 킹스,실관람객,5.0,무신론자가 봤을때는 그냥 그랬습니다.
킹 오브 킹스,실관람객,10.0,더빙 자막 둘다 즐길 수 있는 영화
킹 오브 킹스,실관람객,10.0,나중에 예수님 플래시백 나올때 눈물못참고 눈물완전흘림 ㅠㅠ
킹 오브 킹스,실관람객,8.0,자라나는 우리 크리스찬 청소년들이 많이 관람했으면 하는 바램입니다. 그리고 앞으로 이 영화로 인해 퀄리티 높고 감동과 깨달음이 있는 기독교 영화가 더 많이 만들어졌으면 좋겠습니다.
킹 오브 킹스,실관람객,8.0,예수님 대사가 성경 구절 그대로 했었으면 더 좋았을거 같았음
킹 오브 킹스,실관람객,8.0,기대만큼 좋은 영화네요 자녀들과 함께 보기 좋습니다
킹 오브 킹스,실관람객,10.0,몰몬교니 뭐니 하는 헛소리 루머 신경쓰지 마시구 꼭 보시길 권해드립니다ㅜㅜ..!!! 넘 즐겁고 알찬 시간이 되었어요...진선규 배우님이 예수님 연기하셔서 더 더 감동이었어요..!!!
킹 오브 킹스,네티즌,10.0,장성호 감독님 포기하지 않으시고 영화 만들어주셔서 감사합니다 감독님이 이 영화를 위해 쏟으신 제작기간 10년이 정말 값진 시간입니다ㅠㅠ
킹 오브 킹스,네티즌,9.0,15일 코엑스에서 시사회로 보고왔습니다 다 아는 내용이었지만 2시간동안 풀집중으로 주님의 길을 따라가다보니 마지막엔 눈물이 나더라구요 미국에서 역대 한국영화 흥행 1위라던데 한국에서도 이 영화를 시작으로 다시 부흥이 시작되기를 소망합니다
킹 오브 킹스,네티즌,10.0,너무 좋아요 꼭 보세요. 비기독교인이 봐도 정말 재미있고 손색없는 영화입니다. 꼭 보세요
킹 오브 킹스,네티즌,10.0,기독교인이라면 무조건 봐야 할 영화
킹 오브 킹스,네티즌,10.0,감동적이에요. 강추합니다.
킹 오브 킹스,네티즌,10.0,감동 그잡채입니다 ㅠㅠ
킹 오브 킹스,네티즌,10.0,"감동적입니다.,,, 꼭 보세요!!"
킹 오브 킹스,네티즌,10.0,너무 영화 좋넉요 ^^ 예수님 닮
킹 오브 킹스,네티즌,10.0,예수님 감사합니다ㅜㅜ
킹 오브 킹스,네티즌,10.0,저는 비종교인이고 여자친구가 보러가자해서 보고 왔습니다.북미에서 성공했다길래 기대를 좀 했고 비종교인이 보기에도 흥미있게 보았어요~한국 작품이라니 대단합니다
킹 오브 킹스,네티즌,10.0,예수님의 생애를 아이들에게 알기쉽게 보여줄수있다는게 너무 좋아요
킹 오브 킹스,네티즌,10.0,"기대했던것만큼 영상이 화려하거나 웅장한건 아니였지만, 사랑의 근본이신 예수님의 생애를 통해 우리를 향하신 하나님의 사랑과 구원을 다시 한번 느낄 수 있었던 시간이었습니다. 뿐만아니라 우리도 그 사랑을 본받아 다른 이들을 사랑하고 용서하는 삶을 살아..."
킹 오브 킹스,네티즌,8.0,아무것도 모르던 무종교인이 예수의 모든것을 알게되었다.
킹 오브 킹스,네티즌,10.0,저희 아이와 보고 왔어요 정말 감동 그 자체입니다. 꼭 가족들과 함께 보시길 바랍니다.
킹 오브 킹스,네티즌,10.0,현 시대에 꼭 필요한 강력한 진리가 담겨 있는 작품. 감동적이었습니다.
킹 오브 킹스,네티즌,10.0,40대 남자 개봉날짜에 맞춰 조조로 봤는데 눈물을 몇번 흘렸네요^^;
킹 오브 킹스,네티즌,10.0,아이들이 보기에 지루하지 않게 잘 만들었어요
킹 오브 킹스,네티즌,10.0,레전드입니다 꼭 보세용
킹 오브 킹스,네티즌,10.0,예수님 이야기를 모르는 분과 같이 관람했는데 너무 재미있다고 하시면서 믿으면 구원을 받는 다는 지점이 인상적이었다고 하시네요. 영화인지 실사인지 모를정도로 자연스러운 부분은 놀랍습니다. 특히 물 관련 된 내용은 해운대를 하셨던 회사라서 그런지 무척 실감이 나서.. 저도 그 현장에 있었던 것과 같은 착각을 불러 일으킬 정도였네요. 스토리 이어가는 지점 현장 교차하는 지점도 인상적입니다. 전체 스토리를 알고 봤는데도 뭔가 모를 잠시 쉼을 얻고 가는 느낌이었습니다.
킹 오브 킹스,네티즌,10.0,"북미 몰몬교 배급 등으로 SNS, 커뮤니티 발 잡음이 조금 있던데.. 직접 보시면 충분히 분별하실 수 있다 생각합니다! 특히 크리스천이면 충분히 분별하실 수 있으니 꼭 직접 관람 추천이요! 저를 건져내시고 희생하신 예수님 장면에서 흐르던 눈물이 아직도 안 멈추네요 ㅠㅠ"
킹 오브 킹스,네티즌,10.0,"조조 개봉 관람 엄마랑 함께 했어요,, 영화관 기술적문제인지 아님 원래 영화 장면 전환 컷의 문제인지 렉 살짝 걸린거 처럼 2.3회 정도 그래서피드백 드리고요,, 영상 송출 색감이 더욱 쨍하게 찐하게? 선명 하면 어떤가? 그런 생각도 들고 성경적 고증 거쳐 너무 연출도 좋고 물속에 마지막쯤 주님과 나의 교차!!! 최고의 장면 이네요!!!10년간 제작하시느라 너무 고생들이 많으셨고,, 나중 감독판 다시 개봉해서 다 못 넣은 장면 들 다 넣어서 긴시간 다시 보고 싶어요,,, 기독교인들 당연히 봐야하고,,, 비기독교인도 예수님이 역사의 실존하는 인물로 진정한 왕중의왕,, 살아계신 하나님 이심을 알게 되는 영화라 여깁니다,,걸작 역사에 길이 길이 남을 작품요,,, 나중에 한글 더빙판으로 한번더 볼 예정이에요,, 모든 영화 관계자분들 감사합니다 !!주님 감사합니다 !!예수님은 진정 왕이십니다 !!! 나중 아카데미 상 받겠죠? 지구에 모든 사람들이 이 영화를 통해 주님 만나게 되길 계속 기도 하겠습니다 !!!"
킹 오브 킹스,네티즌,10.0,인간의 공허함이 채워지는 듯했습니다.
킹 오브 킹스,네티즌,10.0,K영화 화이팅 입니다.
킹 오브 킹스,네티즌,10.0,영화관에서 꼭보세요~ 아이맥스면 더 좋을듯~장엄한 장면이 많습니다~일반영화관이면 앞자리를 추천드립니다~성경 내용에 충실합니다 비신자를 위해 재밌게 만든영화가 아니에요~커피로 따지면 아메리카노임~(시럽없음)
킹 오브 킹스,네티즌,10.0,"일상의 자극적인 매체에 찌들어있다가 힐링하고 온 영화입니다. 성경을 잘 모르는 저도 재미있게 봤습니다. 초반에는 너무 애들 영화인줄 알았다가 점차 몰입하게 되었네요. 19세기 영국의 위대한 작가였던 찰스 디킨즈의 원작을 바탕으로 한 애니메이션인데 아이들도 이해할 수 있도록 만들었고, 어른에게도 감동을 주네요."
킹 오브 킹스,네티즌,10.0,"지금도 예수님 눈빛이 생각이 나고요,왕 곧 만유의 주인이면서도다 품고 다 참고 기도하시는 장면에서는 눈물만 흘렀어요. 십자가에 달리시는 장면은혈흔 하나 보이지 않았지만아팠어요.대사 하나 하나가 나에게 주시는 예수님의 말씀이었습니다.월터는 당시와 나를 이어주는 아주 좋은극적인 장치이자 인물로 내가 마치 월터인 것처럼예수님을 따라 다니는 듯했어요.한국어 더빙판을 아이 때문에 봤지만영어판을 다시 볼 생각입니다.좋은 영화 감사합니다."
킹 오브 킹스,네티즌,10.0,너무나도 감동적인 작품
킹 오브 킹스,네티즌,10.0,"예수님의 스토리, 말씀 한구절 한구절을 이렇게 영화로도 잘 표현할 수 있구나, 주인공과 관객이 동일시 되면서 벅차오르는 감동과 감격을 이루말할 수 없었습니다. 영화보고 리뷰 처음 남겨보네요."
킹 오브 킹스,네티즌,10.0,"감독님, 영화 만들어주셔서 감사합니다♡꼭 보세요~~!"
킹 오브 킹스,네티즌,10.0,아버지가 아이에게 가장 전하고 싶었던 왕중의 왕 예수님의 탄생에서 부터 십자가에 달려 돌아가시는 모습을 아이가 이해하기 쉽게 풀어가는 과정을 성경에 나온 말씀 그대로 너무나 잘 표현하였고 특히 베도로가 바다를 걸어 예수님께 가는 장면을 너무나 잘 묘사하였다.
킹 오브 킹스,네티즌,10.0,이 영화를 통해 더 많은 사람들이 예수님을 알게 되길! k문화가 기독교 부문에서도 널리 쓰임받길 기도합니다! 할렐루야~♡
킹 오브 킹스,네티즌,10.0,어린아이의 시점으로 예수님의 생애와 사건들을 따라가면서 보는 관객들도 그 장소에 직접 가 있는 것 같은 생생함이 느껴졌고 모션 캡쳐에 실사영화와 같은 카메라 무빙 때문에 애니메이션이 아니라 영화 한 편을 보고 나온 것 같았습니다 더 많은 관객에게 이 작품이 알려지고 사랑 받기를!!~!!
킹 오브 킹스,네티즌,10.0,힐링 그 자체인 영화 오랜만에 좋은 영화 봤네요^^
킹 오브 킹스,네티즌,10.0,굳굳굳재믹게봣음 ㅎㅎ
킹 오브 킹스,네티즌,10.0,왕 중의 왕 예수님을 다시 한 번 깊이 생각하게 하는 영화. 6살 딸 10개월 아들과 감동적인 시간 갖게 해줘서 더없이 고마운 영화.
킹 오브 킹스,네티즌,10.0,"양옆 관람객들 다 우시더라고요. 물론 저도 포함..성경은 아는 내용이더라도, 늘 변화하는 내 상황에 따라 받는 위로와 깨달음이 다른 것 같습니다. 결코 변함없는 진리이기 때문이겠죠. 이 귀한 내용을, 남녀노소 관람할 수 있는 애니메이션으로 만들어주신 감독님께 감사합니다. 아이들도 이해하기 쉽게 풀어주셔서 기독교가 아닌 분들께도 추천드립니다. 혹시나 기독교에 관한 오해가 있으시다면 이 영화로 모든 오해가 풀어지고 진짜 예수님을 만나셨으면 좋겠습니다. 한국에서도 큰 흥행을 이루길 바랍니다."
킹 오브 킹스,네티즌,10.0,앗! 쿠키를 못봤네..ㅠㅠ
킹 오브 킹스,네티즌,5.0,이병헌의 더빙과 북미 흥행으로 한번 봤습니다기독교인 어린이용 애니메이션이라고 생각하면 괜찮은것 같네요무교 성인이 보기엔 볼만한 요소가 없습니다제가 본 상영관은 장년층이 많았는데 많이들 눈물을 흘리셨습니다. 이해가 안갔습니다…
킹 오브 킹스,네티즌,10.0,"예수님의 사랑을 가득 느낄 수 있는 작품!영화 속 내용 중 어린아이와 아버지의 관계가 점점 회복되어져 가는 것과 같이 우리를 죽음으로부터 건져내신 예수님의 사랑으로 우리도 또한 회복되어져간다는 메세지 즉, 감동과 깊은 울림을 주는 영화"
킹 오브 킹스,네티즌,10.0,"세상에 빛줄기. 회개와 감사. 폭풍감동. 폭력ㆍ선정적ㆍ동성애ㆍ이기주의가 난무하는 혼잡한 세상에 다시 하나님 질서와 복음, 헌신을 체험하는 깔끔하고 웅장한 영상과 사운드. 악마를 따르는 귀신이 아니라면, 인간이라면 반드시 보아야한다. 희망을 놓지 않으리. 하나님 믿고 사랑합니다. 예수님 목자님 따릅니다."
킹 오브 킹스,네티즌,10.0,"사랑하는 자녀에게 bedtime story 들려주듯,말씀 속으로 쏘-옥 들어갈 몰입감! 예수님의 탄생부터 부활까지 정말 쉽게 표현되었다 교회학교 아이들에게 설교해왔던 주된 성경 이야기들을시각적으로 더욱 잘 이해할 수 있게 표현되어서 아이들에게 꼭 보여주고 싶었다! 백문이 불여일견!특히 예수님의 시선은 언제나 낮은 곳으로 향하며 약자를 도와주고 계셨고 그분의 다정한 눈빛이 기억에 남는다.그리고 찰스 디킨스가 변화하는 모습에서아들 윌터의 눈에는 그가 예수님처럼 보인 것처럼, 나 또한 예수님을 닮아가기 위해 자기를 부인할 것을 되새겨 보게 되었다. 이 영화를 통해서 모두가 예수님에 대해서 오해없이 제대로 알게 되고, 더 궁금해졌으면 좋겠다"
킹 오브 킹스,네티즌,10.0,"기독교인이어서를 떠나 감독을 꿈꾸고 전공하는 학생으로서 짜임새 좋고, 돈 내고 볼 만한 가치는 있는 영화라고 생각합니다. 단순히 기독교 영화이기에 평가가 저하되어서는 안 된다고 생각합니다 감독님 수고하셨습니다"
킹 오브 킹스,네티즌,10.0,"7살 아들도 70대 할아버지도 모두가 이해 가능한 스토리 재미있는 설교로 들었던 것들이 기억난 7살은 마지막에 가장 기억에 남는게 뭐냐 물어보더라구요 자긴 십자가였다고, 중요한 메세지들을 꾹꾹 눌어 담으시느라 고생하셨어요♡ 자막도 보고 더빙도 보고 더 많이 오래 상영을 안하는게 아쉽습니다 너무 너무요"
킹 오브 킹스,네티즌,10.0,웰메이드 기독교 영화. 성경 이야기를 각색없이 그대로 전달하려고 한 노력이 돋보였다.
킹 오브 킹스,네티즌,10.0,왜 재밌지?왜 재밌지?왜 재밌지?왜 재밌지?왜 재밌지?왜 재밌지?왜 재밌지?왜 재밌지?왜 재밌지?왜 재밌지?왜 재밌지?왜 재밌지?왜 재밌지?왜 재밌지?좀 유치할것 같았는데 재밌게봐서 자존심상함
킹 오브 킹스,네티즌,10.0,영화가 끝난 뒤에도 감동과 여운이 남아 계속 앉아 있었어요. 더빙으로 봐도 괜찮은데 자막으로도 한 번 더 보고 싶네요.
킹 오브 킹스,네티즌,10.0,연령에 관계없이 쉽게 접할수 있을것같습니다
킹 오브 킹스,네티즌,10.0,"종교를 떠나, 우리가 쓰는 달력의 기준이 된 예수님은 역사적으로 실존했던 중요한 인물이죠.예수님에 대해 궁금하지만 성경이나 다른 책을 통해 알아가기 주저했던 분들에게, 이 영화는 좋은 대안이 될 것 같아요.애니메이션으로 쉽고 편안하게 예수님의 일생을 따라갈 수 있어, 역사적 인물로서의 예수님을 알아가기에도 아주 좋은 역사 교육 자료입니다.추천합니다."
킹 오브 킹스,네티즌,10.0,감동 감동 감동 입니다~~~
킹 오브 킹스,네티즌,10.0,"하나님이 진짜 있는지, 가족 친구가 말하는 예수님에 대해 알고 싶은 분이 있다면, 강추합니다"
킹 오브 킹스,네티즌,10.0,연출이랑 영상미가 엄청났어요. 스토리는 이미 갓벽
킹 오브 킹스,네티즌,10.0,모두가 들어야 할 이야기
킹 오브 킹스,네티즌,10.0,올해 본 최고의 영화! 가족들 친구들 소중한 사람들과 보기 너무 좋아요. 요즘 보기 드문 가슴 따뜻해지는 애니메이션입니다. 더빙판으로 봤는데 너무 좋았어요.연출도 뛰어나고 세계적으로 히트를 쳤다고 하는데 우리나라에서 만든 웰메이드 애니메이션이라 더 자부심이 느껴집니다!
킹 오브 킹스,네티즌,10.0,우리나라 만화영화 수준이 정말 높아졌다고 실감했습니다 외국자본으로 투자받았으면 판권이 넘어갔을텐데 끝까지 인내로 저희나라 작품으로 남겨주신 감독님께 감사드립니다!!
킹 오브 킹스,네티즌,10.0,찰스디킨스가 아들 월터에게 들려준 왕의 이야기. 이미 성경을 알고 있는 사람보다 모르는 사람에게 더 좋을 웰메이드 애니메이션
킹 오브 킹스,네티즌,10.0,세계 어디에 내놔도 자랑스러울 애니메이션 영화~!!아이들에게 보여주고 싶은 영화영상미도 멋져요~!!
킹 오브 킹스,네티즌,10.0,뚱냥이 윌리 너무 귀여움♥물 위를 걸어오시는 장면 봐도 봐도 또 보고싶음~~
킹 오브 킹스,네티즌,10.0,종교와 상관없이 보면좋을것같아요~~가족끼리봐도좋아요~
킹 오브 킹스,네티즌,4.0,스토리텔링이 너무 단순한 나열형이라 아쉬웠음. 큰 예산을 쓰는데 다 아는 얘기를 잘 구성했더라면 좋았을 걸. 씬의 호흡과 디테일도 좀 아쉬웠고. 최근 수작인 드래곤 길들이기 보다가 비교할 건 아니지만 그래도 10년간 고생해서 만든 열정에 박수를 보냅니다.
킹 오브 킹스,네티즌,10.0,"어릴 적 들었던 찬송가가 떠올랐습니다.“단비를 내리시듯, 새생명 주옵소서.”예수님의 모습이 그 가사처럼 조용히, 깊게 다가왔습니다.영상미와 음악도 인상적이었고,무엇보다 어린아이의 시선으로 이야기를 따라갈 수 있어 더 깊이 몰입할 수 있었습니다."
킹 오브 킹스,네티즌,10.0,어린 아이와 보기 좋은 영화
킹 오브 킹스,네티즌,10.0,모든분들이 보셨으면 좋겠습니다.:)
킹 오브 킹스,네티즌,10.0,사실에 바탕을 기준으로 아이의 시선으로 바라 본 예수 그리스도의 생애
킹 오브 킹스,네티즌,10.0,정말 강추합니다. 영상이 주는 힘을 다시 한번 느꼈어요. 예수님의 삶이 입체적으로 확 와닿아요. 진짜 왕이신 그리스도를 찬양합니다.
킹 오브 킹스,네티즌,10.0,아는 내용인데도 눈물이 나네요
킹 오브 킹스,네티즌,10.0,너무나 감동적이고 또 보고싶은 영화입니다!
킹 오브 킹스,네티즌,10.0,잘만든 영화..성공한 이유를 알겠네요
킹 오브 킹스,네티즌,10.0,예수님을 믿은지 얼마되지 않았거나 non -크리스챤들보다는 믿음생활 오래된 사람들이 보기에 좋은 영화인듯 합니다 예를 들면 예수님이 십자가에서 못박혀 죽은뒤 천지가 진동하고 휘장이 위에서 아래로 찢어지는 영상부분이 압권이었는데 이해 못하거나 놓친 관객들이 많을 듯 합니다.
킹 오브 킹스,네티즌,10.0,그리스도교에 대해선 전혀 몰랐지만 정말 재밌게 봤어요!
킹 오브 킹스,네티즌,10.0,시사회에서 봤는데 무교인 나도 몰입하면서 봄 아이들과 함께 보기 좋은 가족영화
킹 오브 킹스,네티즌,10.0,오래도록 소장하고 싶은 애니..종교를 떠나 사랑을 의미로 본다면누구도 감동받지 못할 이유가 없는멋진 작품입니다..
킹 오브 킹스,네티즌,10.0,기독교이든 아니든 이기적인 이시대의 참사랑이무엇인지를 깨닳게 해주는 영화
킹 오브 킹스,네티즌,10.0,"생각했던거 보다 훨씬 좋았음.. 스토리도 좋고, 그래픽도 아주좋음."
킹 오브 킹스,네티즌,10.0,기독교인들의 초심을 잡게 해주는 따뜻한 영화
킹 오브 킹스,네티즌,10.0,정말 감동적인 영화였습니다 ㅜ
킹 오브 킹스,네티즌,10.0,성경에 나와 있는 스토리를 영상으로 볼 수 있어 좋았고~~^^감동적이예요초등 아이와 잘 보았습니다.
킹 오브 킹스,네티즌,10.0,이런 영화를 만들어주셔서 감사해요 많은 사람들이 가족과 함께 보면 정말 좋겠네요 ^^
킹 오브 킹스,네티즌,10.0,디즈니에서 만든줄 알았는데 우리나라 기술이라니..대박입니다. 스토리도 구성도 완벽하고 감동도 있어요! 꼭 보시길 추천드립니다~~!
킹 오브 킹스,네티즌,10.0,아이와 함께 눈물을 닦았네요 더많은 예수님 이야기가 나오면좋겠습니다. 화이팅!!
킹 오브 킹스,네티즌,10.0,연출과 영상이 돋보임 신선한 전달이 느껴짐
킹 오브 킹스,네티즌,10.0,예수님의 메시야이심을 충실하게 표현하고 그 복음을 오늘의 나와 연결하는 멋진 영화였습니다.
킹 오브 킹스,네티즌,10.0,"생각보다 괜찮았음, 고양이도 넘 귀엽고."
킹 오브 킹스,네티즌,10.0,애니메이션 자체로도 훌륭했음
킹 오브 킹스,네티즌,10.0,"내가 살게 된것, 그리고 누군가를 붙들어 주는 삶을 살고 있는것이 이 예수 때문었구나 를 깨닫고 오열하였습니다"
킹 오브 킹스,네티즌,9.0,"불교신자입니다.패션오브크라이스트 영화를 볼 정도로는 예수에 대해 관심이 많아요.애니메이션으로 연출된다길래 예수 주제로 어린이들에게 어떤 식의 가치관을 뿜어내는지 유심히 봤어요.이병헌 목소리로 보고 듣고 싶어서 우리나라 더빙버전으로 관람했구요.영화보면서 다소의 허무맹랑한 애기도 있다고 생각했지만, 뭐 그리스로마신화 지하감옥도 실제 장소적배경으로 있으니까요.십자가에 못박혀 죽었기에 예수가 대단한건 아니라고 생각했어요.성경이 깨알같이 입바른 말들로 가득하기에 예수가 대단한 것도 아니라고 생각했어요.하나님 아들이 맞았다고는 생각합니다."
킹 오브 킹스,네티즌,5.0,저는 별로였습니다..
킹 오브 킹스,네티즌,10.0,영상미도 좋고 보는 내내 감동이 밀려왔음
킹 오브 킹스,네티즌,10.0,아이들과 함께 보며 정말 많은 감동을 받았습니다! 좋은 영화를 만들어 주셔서 감사합니다^^
킹 오브 킹스,네티즌,10.0,인물 표현도 영상미도 너무 좋었던 애니매이션이었어요 ! 우리나라 최고의 애니메이션이었어요
킹 오브 킹스,네티즌,10.0,꼭 가족과 함께 보시면 좋겠습니다
킹 오브 킹스,평론가,10.0,이젠 신약도 단기 속성 클래스로
킹 오브 킹스,평론가,10.0,"눈에 쏙쏙, 간추린 어린이 성서"
킹 오브 킹스,평론가,10.0,종교에 갇히지 않는 보편적 도덕과 지혜의 경로
스머프,실관람객,6.0,귀엽긴한데 재미가없음
스머프,실관람객,10.0,스머프 아주귀엽습니다
스머프,실관람객,6.0,"그냥 그렇네요,,추억은 가득인데,,"
스머프,실관람객,6.0,기대랑 거리가 있고 전체적으로 평범하다
스머프,실관람객,10.0,영화 잘 봤습니다 재밌네요
스머프,실관람객,10.0,라~ 라라~♪라라라~ ♬ 라라라~라라 ♩
스머프,실관람객,5.0,추억의 영화 부활이라 기대하며 봤는데 별로였어요 너무 유치하고 스토리도 별로
스머프,실관람객,6.0,명성에 비해 확실히 부족한 느낌
스머프,실관람객,2.0,스머프 좋아해서 팬심으로 봤는데 개연성 0에 노잼..
스머프,실관람객,6.0,아이들도 재미없었다네요
스머프,실관람객,6.0,자막 상영이 별로 없네요.
스머프,실관람객,3.0,스머프의 귀여움을 앗아간 복잡한 설정과 화려함만을 강조한 아쉬운 이야기
스머프,실관람객,7.0,프로테스탄트 윤리와 자본주의 정신의 관점에서 스머프를 바라보자
스머프,실관람객,10.0,추억이 새록새록 귀여운 스머프들
스머프,실관람객,6.0,조금 유치하지만 잘봤어요
스머프,실관람객,7.0,스머프는 귀여운데 스토리는ㅎㅎ
스머프,실관람객,6.0,분명 귀여운데… 귀여운데… 왜 그냥저냥일까요ㅠ 아쉽습니다
스머프,실관람객,9.0,아이들과 함께 보면 줗아요
스머프,실관람객,5.0,너무 귀엽고 뽀쨕한데 재미가 없어!
스머프,실관람객,1.0,진짜 2025 최악의 영화... 그래픽은 싼티나고 이야기는 너무 뻔하고 캐릭터는 1도 매력이 없는...
스머프,실관람객,5.0,노멀.노멀.노멀.노멀.
스머프,실관람객,10.0,아이들과 재미있게 잘 봤습니다
스머프,실관람객,8.0,추억의 스머프.. 예전 생각나서 좋았습니다.
스머프,실관람객,10.0,재미있게 보고 나왔어요
스머프,실관람객,6.0,볼륨 업! 텐션 업! 스케일 업!
스머프,실관람객,5.0,리한나 솔로곡 듣고 싶으시면 보세요
스머프,실관람객,6.0,스머프 친구들의 흥폭발 어드벤처
스머프,실관람객,10.0,감사합니다 좋은 영화 잘 봤습니다 ♥
스머프,실관람객,10.0,귀여운 스머프들 + 거북이
스머프,실관람객,4.0,어릴때 봤던 스머프에대한 감동이 무너졌다...
스머프,실관람객,3.0,추억만으로 보기에는 완성도가 버겁다
스머프,실관람객,10.0,최근 킹킹스보고 봤는데 너무 재미있게봤고일단 초등학생이하 부모님들은 애들 보여주면 또보고 싶다고 난리입니다
스머프,실관람객,4.0,추억은 추억으로만...
스머프,실관람객,4.0,추억에 많이 의존한 작품
스머프,실관람객,7.0,리한나가 성우더라고요
스머프,실관람객,4.0,아쉬운스타일과이야기.
스머프,실관람객,10.0,이건 인도에서 만든 영화가 틀림 없다
스머프,실관람객,6.0,
스머프,실관람객,6.0,방치하긴 아까운데.. 아쉬움..
스머프,실관람객,4.0,내 추억을 더럽히지 마라 악마들아
스머프,실관람객,5.0,랄랄랄라라라 평이 안좋네~
스머프,실관람객,5.0,귀엽다고 오래도 해먹는구나.
스머프,실관람객,1.0,왜 해외평가가 안좋은지 알거같네요
스머프,실관람객,7.0,
스머프,실관람객,8.0,스머프 생각없이 봤는데 나쁘지 않음. 박명수가 더빙 참여한거 나중에 알게됬는데 자연스럽네요 ㅋㅋ
스머프,실관람객,6.0,
스머프,실관람객,6.0,스머프스머프스머프스머프
스머프,실관람객,5.0,내 취향은 아닌걸로..
스머프,네티즌,10.0,넘 잼있게 봤어요^^가가멜 박명수 넘 잘했어요!스토리도 좋고 스머프도 귀엽고 잘 보고 왔네요~
스머프,네티즌,4.0,스머프 보러가서 스머프 닮은 다른 영화를 본 듯
스머프,네티즌,4.0,"2D와 3D가 섞인 영상은 독특하고, ‘리한나’의 음악은 예상외로 좋으며, 후반부 매체의 변화는 흥미롭다. 하지만 이야기와 전개와 설정은 모두 그 때마다 지어내는 것처럼 얄팍하고 뜬금없다."
스머프,네티즌,2.0,그냥 스머프가 귀엽다 끝
스머프,네티즌,3.0,쓸데없이 고퀄 재미없음
스머프,네티즌,5.0,스머프가 꼭 안나와도 되는 영화
스머프,네티즌,2.0,쇼츠보면서 뇌가 녹는 느낌이 한시간 지속됨
스머프,네티즌,1.0,오늘 보고왔는데 겁나 재미없어요 ㅋㅋ걍 별 내용도 없구 라랄라랄 이러는데 ;;돈 아까워요 애기들은 좋아하겠지만.. 내용전개도 갑작히 되고 진짜
스머프,네티즌,4.0,너무 기대했나봐요 ㅜㅜ
스머프,네티즌,4.0,졸림 ㅠㅜ 추억가득 기대했는데 졸다나감
스머프,네티즌,2.0,"어지간하면 집중해서 잘 보는데 영화가 개연성이 없고, 너무 산만해서 뭘하는 건지 모르겠다. 너무너무 재미가 없다."
스머프,네티즌,10.0,우리의 추억은 계속된다.심지어 우리 2세대들 까지도..
스머프,네티즌,10.0,그냥 스머프 이야기에 감동먹고 나옴... 노래도 좋고 여름에 보기 딱인듯 그냥 스머프야 화이팅 ㅠㅠ
스머프,네티즌,10.0,스머프 만화 역시 실망시키지 않고 최고 여자친구 조카들도 좋아하고 시간 가는 줄 모르고 봤고 가족들하고 같이 와서 봐도 유익한 애니메이션 입니다.
스머프,네티즌,10.0,조카 방학이라 아침부터 영화 나들이 했는데 후회없는 선택이었어요 조카는 말모 너무 좋아했고 그냥 스머프의 여정은 어른들에게도 전해지는 찡한 감동이 있어요 추천!!
스머프,네티즌,7.0,스머프 옛추억의 애니 잘봤어요
스머프,네티즌,6.0,그런데로 잘봣습니다!!
스머프,네티즌,8.0,스토리와 OST가 풍부하고 재미있는 작품이네요.
스머프,네티즌,8.0,재밌어요 937 425 425
스머프,네티즌,2.0,제작사와 캐릭터위 역사를 너무 믿었다. 6살 딸아이가 자꾸 중간에 나가자고 하는 걸 간신히 끝까지 보긴 했지만…끝까지 뭐.
스머프,네티즌,2.0,유치원생 영화 그 이하 수준
스머프,네티즌,4.0,장난하냐? 장난해? 뭔
스머프,네티즌,2.0,상영관의 절반은 아이들이었는데 영화 보는 내내 이렇게 조용한적은 처음이었음
스머프,네티즌,6.0,굿즈 때문에 보긴 했는데 어른이 되서 보니 애니메이션들이 좀 폭력적인거 같음 과장되게 표현하는게 다소 불편함
스머프,네티즌,2.0,뽀로로의 대탐험 처럼스머프의 구출 대탐험? 대실망
스머프,네티즌,10.0,내가본영화중제일제밌다.
스머프,네티즌,6.0,캐릭은 귀여운데 내용이 별로임
스머프,네티즌,2.0,"왜 케데헌이 대단한 작품인지 알게해준.... 뭐라도 건질게 없네. 노래도 그렇고, 내용도 그렇고, 어떻게하면~ 이렇게 망작이 탄생할 수 있지. 스머펫은 왜 저렇게 목소리가 변한거야? 총체적 난국이네."
스머프,네티즌,2.0,"내용도 재미없고, 처음에 스펀지밥은 왜 나오나요. 중간에 이차원간다면서 이상한 병만 영상들 황당함"
스머프,네티즌,10.0,귀여워요! 스토리 개연성은 부족하지만요
스머프,네티즌,6.0,기대 없이 봤는데 볼만 했다.
스머프,네티즌,10.0,사람마다 재밌고 안 재밌고 다 다르긴 한데 ㅋㅋㅋㅋ일단 저는 재밌어요보고 나서 또 보고 싶어서 나중에 영화 사가지고 계속 보려구요 !
스머프,네티즌,4.0,그림은 예쁜데... 네러티브가. 정말... ㅠㅠ
스머프,네티즌,10.0,잘보았습니다 잘보았습니다
스머프,네티즌,10.0,영화가 퀄리티가 높네요 ^^너무 재미있게 봤어요마지막에 끝날때까지 다 봤네여
스머프,네티즌,3.0,농담만으론 세상을 구할 수 없다
스머프,네티즌,4.0,"42살의 내가, 어릴적 나한테 위로받고있다.""그때의 스머프의 기억은 명랑했고 즐겁기만 했던게 맞아- 심난해 하지마""명랑하고 발랄한 기억을 가지고5살 7살 아이들에게 엄청 재밌는거라고 하며 영화관에 앉혀놨더니 캐릭터에 정들지도 않은채 납치되고 그것을 ..."
스머프,네티즌,10.0,가가멜도 그렇고 스머프들 쫄쫄 걸어다니는거 넘 기여움연출도 재밌고 노래도 좋아영
스머프,네티즌,9.0,여름 방학 극징 데이트나 아이들과 관란 추천합니다~
스머프,네티즌,5.0,음..먼가 예전의 좋아했던 스머프랑은..
스머프,네티즌,6.0,전하는 메세지는 그렇게 와닿지는 않았구요(재능이 없는 '나'를 포용하는 엔딩이 아니라... 천재적인 재능을 가진 '나'를 찾는 내용이라니...)영상미나 노래는 좋아서 뇌 빼고 볼만한 거 같아요. 감동은 없었지만 중간중간 포인트들이 귀여워서? 아동들이 보기 좋은듯싶네요
스머프,네티즌,2.0,어릴적 최애만화영화...그러나 뻔하고 산만한 이도 저도 아닌 돈주고 보기 아까운 영화
스머프,네티즌,4.0,"다채로운 시각적 실험과 글로벌 무대를 배경으로 화려한 외형을 자랑하지만, 이야기 구조는 산만하고 중심이 흐려 인물의 감정선과 극적 긴장을 따라가기 어렵다. 서사의 핵심인 '그냥 스머프'의 정체성 탐색은 반복적으로 언급되지만 감정의 흐름이나 내면적 갈등을 설득력 있게 제시하지 못한 채, 마법이라는 설정에 의존해 인물의 성장을 단순화한다. 수많은 캐릭터들은 개별적 서사나 동기를 갖지 못하고 장면을 채우기 위한 도구로 사용되며, 악역과 조연 모두 극적인 변화를 보여주지 못한 채 평면적인 기능에 머무른다. 유머는 반복적이고 맥락 없이 삽입되어 감정선과의 조화를 이루지 못하고, 대사는 개성이 결여된 채 누구의 입에서도 나올 수 있는 듯한 통일된 말투로 구성되어 극의 몰입을 방해한다. 감정의 고조나 충돌 없이 유쾌한 연출과 소란스러운 장면이 반복되며, 관객은 웃음이나 감동 어느 쪽에서도 충분한 경험을 하지 못한 채 거리감을 느끼게 된다. 실사와 애니메이션의 결합이라는 장르적 실험은 형식적 선언에 그치며, 실사 장면은 전체 중 극히 일부에 불과하고 서사나 감정 전개에 기여하지 못한다. 실사 캐릭터와 애니메이션 캐릭터 간의 유기적인 상호작용은 부재하고, 실사 장면은 그저 배경으로 기능할 뿐이다. 이로 인해 관객은 '세계 간의 충돌'이라는 장르적 기대를 배신당한 채 형식적으로만 실험을 표방한 작품을 보게 된다. 영화는 “자신을 믿어야 해”라는 메시지를 반복하지만, 그것이 인물의 고뇌나 관계를 통해 자연스럽게 도출되지 않아 공허하게 느껴진다. 진정한 성장은 관계와 고통 속에서 이루어져야 하나, <스머프>는 이 단계를 생략하고 마법이라는 만능 해결책으로 갈음하며 메시지를 감정의 밀도 없이 전달한다. 시청각적 실험과 명제만 남고, 그 안을 채워야 할 진정성은 빠진 채 끝나버리는 것이다."
스머프,네티즌,10.0,아이들이랑 보기 좋을 것 같아요^^
스머프,네티즌,8.0,저는 딱히 그냥 소소합니다. 어렸을때는 재밌게 봤는데 너무 늙었나봐요.ㅜㅜ
스머프,네티즌,2.0,리아나는 오타니나소니에게도 눈끝에다가 양쪽 검지손가락을 대고 찢는 희대의 썅X년이 아닌가?빌리 아이리쉬와지지 하디드만큼의 쓰레기인걸로 아는데?비공감을 누르고 있는 넌 인간바퀴벌레다
스머프,네티즌,10.0,스머프가 왜 파란색인가 요즘 대세인 블랙으로 가야지
스머프,네티즌,7.0,스머프가 귀여워서 좋았습니다.
스머프,네티즌,10.0,또보고싶어졌어요너무재밌어요
스머프,네티즌,2.0,온 가족이 다 같이.. 찾은 극장.. 올초 다시상영한 마당을 나온 암탉 이후 두번째 온 가족 영화..누워서 잠만 잤으요.. 큰 딸도 자고 저두 자고 다행히 막둥이만.. 스토리도 별루.. 돈 아깝네요
스머프,네티즌,10.0,이거 평점왜이렀게 낮아 오늘봤는데 재밌더만
스머프,네티즌,10.0,이야기가 아주 재미있었다.
스머프,네티즌,9.0,애니메이션의 정수를 보여준다스머프를 사랑했던 아이가 성장하여 자신과 같은 마음으로 스머프를 아끼는 어른들에게 바치는 헌사와도 같다
스머프,네티즌,10.0,유치원생 초딩은 깔깔거리면서 봤어요
스머프,네티즌,6.0,관객들 중에 그렇게 볼거면 집에서 보세요. 계속 아이 손잡고 같이 춤을 왜 춰요? 그리고 발로 계속 좌석 차면 하지말라고 해야지.. 영화내용도 그저그랬음 아쉬움
스머프,네티즌,4.0,애 델꼬 가서 보다 잤어요
스머프,네티즌,10.0,아이들이 정말 좋아할 거 같습니다 가족영화인 듯해요. 저는 성인이라서 조금 유아틱(?)하긴 했어도 스머프를 너무 좋아서 귀엽게 봤어요 중간에 노래도 부르고 실제 프랑스 파리도 나오고 중간에 차원 변경할 때 진짜 웃긴장면?? 어이없는 장면있음;;;진짜 상상치도 못 한 갑자기 그림체 달라지고 다른 이야기(?).. 영화보고 굿즈 받아가세요~!
스머프,네티즌,10.0,중독성 강한 스머프 노래를 오랜만에 들을 수 있어서 좋았어요^^
스머프,네티즌,10.0,방학이라 아침부터 보고왔는데 아이가 너무 좋아하네요
스머프,네티즌,10.0,아이들과 함께 시간을 보내기에 더할 나위 없이 좋은 영화네요 ^^ 추천합니다~
스머프,네티즌,1.0,"이게 스머프냐? 내 추억의 스머프는 어디가고, 이상한 능력을 집어넣지 않나, 차원이동은 또 뭐냐?"
스머프,네티즌,2.0,지금 보고 있는데 진짜.. 너무 재미없다대화도 쓸데없는 말이 많고 스토리가 번잡함노래부르는 장면은 좋았음
스머프,평론가,2.0,스포티파이 셔플 재생을 누른 듯한 아무 이미지 대잔치
배드 가이즈 2,실관람객,10.0,애니메이션이라고 안보면 후회합니다 ㅋㅋ 드림웍스 일 잘하네
배드 가이즈 2,실관람객,10.0,진짜 최근 개봉작들중에 이게 제일 재밌음
배드 가이즈 2,실관람객,9.0,배드가이즈1보다 스케일도 커진 느낌이고 더 재밌게 잘 봤습니다.
배드 가이즈 2,실관람객,9.0,재미나게 봤습니다 3편도 기대되는군요
배드 가이즈 2,실관람객,10.0,캐릭터들 더 매력 넘치게 돌아와씀ㅋㅋㅋ 여름에 보기 시원하고 가족 다같이 봐도 유머코드 맞아서 좋을듯!
배드 가이즈 2,실관람객,9.0,내용은 조금 유치한데 스피드한 연출이 기가막힘
배드 가이즈 2,실관람객,10.0,조카들 여름 방학이라 같이 봤는데 조카들 여름 방학이라 같이 봤는데 다들 재밌어했어요. 저도 나름 즐겁게 보았답니다. 배드가이즈1보다 더 스펙타클해진 것 같네요
배드 가이즈 2,실관람객,10.0,나도 조카도 둘다 재밌네 ㅋㅋ 다른 포인트에서 빵빵 터지는데 둘다 만족도 갑!
배드 가이즈 2,실관람객,9.0,전편보다 더 재밌었습니다
배드 가이즈 2,실관람객,10.0,초딩 둘과 함께 가족이 다 함께 오랜만에 여름방학 시작하고 영화관을 찾아 대박 재밌게 보았습니다!!!역시 배드 가이즈1에 이어 실망시키지 않는 배드 가이즈네요 ㅎㅎㅎ너무너무 재밌게 봤습니다 ㅎ 현실 불가능한 장면들이 많이 있던데 역시 만화는 만...
배드 가이즈 2,실관람객,10.0,개인적으론 미션임파서블보다 훨 재미있었다ㅎㅎ 물론 미션임파서블도 재미있었고~ 인크레더블 시리즈 생각날정도로 흡족한 애니메이션!!
배드 가이즈 2,실관람객,10.0,캐릭터가 다 너무 매력적이다! 화려한 액션씬까지 완전 강추
배드 가이즈 2,실관람객,10.0,울프 키티 넘 매력적... 드림웍스가 역시 캐릭터도 액션도 잘한다ㅋㅋㅋ 최근에 본 애니중에서 가장 재밌어서 추천
배드 가이즈 2,실관람객,10.0,1편보다 스케일이 커졌고 액션이 너무 좋았다. 3편이 나왔으면 좋겠다.
배드 가이즈 2,실관람객,9.0,입소문 안 난게 너무 아쉬울 따름...이렇게 재밌는 영화를 만들고 홍보를 소극적으로 하나요ㅠㅠ제발 다들 보러 가세요!!
배드 가이즈 2,실관람객,10.0,어른들이봐도 재밌움!추천
배드 가이즈 2,실관람객,10.0,영화 재미있게 잘 봤습니다
배드 가이즈 2,실관람객,9.0,충분히재미있고 잘보았습니다 어른들입장에서도 개인적으로특히나 성우분들 자연스런연기 발성높낮이등 매우좋았습니다더빙영화특성상 성우분들이 반이상 하는걸로 영화몰입도등 개인적인생각으로 하고있고매우 수고많으셨습니다어른들입장현실반영등 자연스런 대사 매끄러운연출 스토리등 아주괜찮고 안지루하게 보았습니다이정도내용이고 총합연출이면 계속시리즈물로 스토리해서 자연스럽게 계속 나오면 매우좋겠습니다
배드 가이즈 2,실관람객,7.0,요즘 디즈니보다 드림웍스가 낫다
배드 가이즈 2,실관람객,10.0,6살 아들이랑 보고왔는데애들이 좋아할만한 모든 요소를 갖췄어요애들이 얼마나 깔깔거리고 웃던지.ㅋㅋㅋ우리아들은 배드가이즈1도 보다가 춤췄는데2보고 내려오면서 춤추더라구요추천합니다.
배드 가이즈 2,실관람객,10.0,영화 잘 봤습니다 재밌네요
배드 가이즈 2,실관람객,9.0,배드가이즈 캐릭터들 너무 매력있고 1편보다 스케일이 더 커지고 재미있었어요 3편도 기대중
배드 가이즈 2,실관람객,10.0,1편보다 더 재미있고 신나게 이야기가 진행되어 좋아요 탁월한 영상미도 너무 좋아요
배드 가이즈 2,실관람객,10.0,인상적인 스타일 볼만합니다!
배드 가이즈 2,실관람객,10.0,정말 재미있게 보고 왔습니다
배드 가이즈 2,실관람객,10.0,"전작을 뛰어넘는 스토리와 박진감이었어요~ 웬만한 배우들보다 매력있는 캐릭터들과 찰떡대사, 유머등이 러닝타임 내내 지루할 틈이 없었어요~ 울프 왜이렇게 섹시하고 잘생겨보이는지~~ 또보고싶어요"
배드 가이즈 2,실관람객,9.0,세상에 우주로까지 확장하다니
배드 가이즈 2,실관람객,10.0,"터미네이터2처럼 전편보다 더 재미있기는 힘든데, 대박 재미있게 봤습니다."
배드 가이즈 2,실관람객,10.0,열라재밌음 키티 넘 매력적이야 ㅎㅎ~~~
배드 가이즈 2,실관람객,6.0,감독의 전작처럼 그냥저냥 볼만하다.
배드 가이즈 2,실관람객,6.0,힙한 BGM과 함께 우주로 뜻밖의 여정을 떠나는 배드 가이즈!
배드 가이즈 2,실관람객,10.0,배드가이즈3 줘라주..세요
배드 가이즈 2,실관람객,10.0,완죤 재밌음 안보면 후회함
배드 가이즈 2,실관람객,10.0,기대 이상이었다. 너무 재밌게 봤음.
배드 가이즈 2,실관람객,10.0,올해 최고의 액션 영화였네요 배드 가이즈 응원한다
배드 가이즈 2,실관람객,10.0,원보다 나은 투도 있다니까
배드 가이즈 2,실관람객,9.0,솔직히 1편보다 더 재미있었어요.
배드 가이즈 2,실관람객,8.0,2편도 정말 재밌네요!! 얼른 3편도 보고싶어요~~
배드 가이즈 2,실관람객,9.0,너무 재밌고ㅋㅋ 캐릭터들 다 정이가요
배드 가이즈 2,실관람객,8.0,1편보다 스케일이커지고 액션도 좋았어요 재밌습니다 강추ㅋㅋ
배드 가이즈 2,실관람객,8.0,전편의 매력을 극대화하여 돌아온 이야기. 어른도 아이도 누구도 즐겁게 감상할 수 있음에 훌륭한 애니메이션.
배드 가이즈 2,실관람객,10.0,연출이 매우 좋아서 아이들도 좋아하고 어른들도 좋아하는 가족 영화입니다. / 여름 피셔를 겸해서 영화관에서 좋은 사운드랑 큰 화면으로 보시는 것을 추천드립니다. / 7월 개봉작들중에서 제일 재밌고 좋았습니다. / 특별관으로 또 보고 싶지만 특별관 종류 1개를 제외하면 상영 예정이 없어서 아쉽습니다. / 1편을 안 보고 2편을 보러가도 초반에 대략적으로 설명을 해줘서 이해는 할 수 있지만 1편을 보고 2편을 보시면 더욱 재미가 있어서 1편은 유튜브에서 대여로 저렴하게 보시고 2편을 보시는 것을 매우 추천드립니다.
배드 가이즈 2,실관람객,10.0,1도 재밌게 봤었는데 2도 재밌어요!! 참치가 최애
배드 가이즈 2,실관람객,9.0,이과 T면 좀 거슬리는게 많겠지만ㅋㅋㅋ그래도 긴장감있게 쭉 흘러갑니다킬링타임용으로 좋아요!
배드 가이즈 2,실관람객,8.0,더빙보다 자막이 개그 만점의 대사가 착착 붙는다. 이제는 굿가이즈의 신나는 활약
배드 가이즈 2,실관람객,7.0,배드 가이즈라 쓰고 분노 임파서블이라 읽는다.
배드 가이즈 2,실관람객,8.0,캐릭터가 매력적이고 전편에 비해 스케일이 커져서 좋았습니다.
배드 가이즈 2,실관람객,10.0,정말 잼게잘봤습니다! 전편보다 훨씬스케일이커지고 스토리도입체적이네요. 추천합니다!
배드 가이즈 2,실관람객,8.0,착하게 살라는 말을 이렇게나 유쾌하게
배드 가이즈 2,실관람객,10.0,캐릭터들이 넘넘 매력적이에요! 지루할 틈이 없음
배드 가이즈 2,실관람객,9.0,연출 구성도 좋았고 사이즈도 커져서 1편보다 훨씬 재밌었다 웃음도 톡톡히 챙겨줌
배드 가이즈 2,실관람객,10.0,1편보다 훨씬 재밌다!!
배드 가이즈 2,실관람객,9.0,아이들은 재밌다고 좋아하네요
배드 가이즈 2,실관람객,8.0,배드가이즈2 배드가이즈2
배드 가이즈 2,실관람객,8.0,액션신 좋고 엄청 재밌었음
배드 가이즈 2,실관람객,10.0,"즐겁게 본 영화. 스케일 큰 카체이싱, 우주, 액션 등 풍부한 볼거리와 끊임없이 던져주는 개그씬, 물 흐르듯 흐르는 스토리까지 한순간도 지루함 없이 봄. 속편이 실망스러울때가 많은데 1편보다도 만족스러움"
배드 가이즈 2,실관람객,9.0,영상미 좋고 스토리도 흥미진진했어요
배드 가이즈 2,실관람객,8.0,귀여운 굿 가이즈들의 다음 활약을 기대해!
배드 가이즈 2,실관람객,10.0,올해 여름 영화 중에서 제일 재밌었어요!!!
배드 가이즈 2,실관람객,10.0,1보다 재미있어요. 아이들이랑 봤는데 시간 가는 줄 몰랐어요.
배드 가이즈 2,실관람객,6.0,오락성 하나만큼은 일품이다.
배드 가이즈 2,실관람객,10.0,"재미, 액션, 스토리 다 잡았네"
배드 가이즈 2,실관람객,10.0,전작만큼 재밌는 후속작이다
배드 가이즈 2,실관람객,10.0,"영상미가 좋고, 에니메이션 효과가 좋았습니다.볼만합니다"
배드 가이즈 2,실관람객,10.0,감사합니다 좋은 영화 잘 봤습니다 ♥
배드 가이즈 2,실관람객,9.0,이 영화 정말 재밌어요! 한 번 봐보세요!
배드 가이즈 2,실관람객,10.0,자신만만하게 컴백!!
배드 가이즈 2,실관람객,9.0,재미있게 잘 봤습니다!
배드 가이즈 2,실관람객,10.0,재미있게 보고 나왔어요
배드 가이즈 2,실관람객,10.0,배드가이즈 1은 안 보고 2부터 봤는데 진짜 재밌고 액션도 대박이에요 그리고 첫 장면에서 울프 너무 멋있고…. 마지막엔 울었어요….. 3 나오면 좋겠네요 진짜 강추!
배드 가이즈 2,네티즌,8.0,미션임파서블...액션이 화려합니다. 화려한 액션이 좀더 많이 나왔으면 더 좋을껄 그랬습니다. 1이 재밌어서 또 봤습니다.
배드 가이즈 2,네티즌,10.0,나이거보고 도둑할려고 복면삼
배드 가이즈 2,네티즌,10.0,기대를 왕창 하고 봤는데 기대를 왕창 뛰어 넘을 수가… 드림웍스 진짜 최고다
배드 가이즈 2,네티즌,10.0,왠만한 영화보다 재밌음~울프멋있어
배드 가이즈 2,네티즌,10.0,"스토리, 영상미, 음악 모두 흥미를 끌고, 뭔가 정신 없게 만드는 유쾌한 분위기도 좋았어요^^"
배드 가이즈 2,네티즌,10.0,1도 정말 명작인데 2는 그 몇배로 더 재밌음 미쳤어요
배드 가이즈 2,네티즌,10.0,ㄹㅇ 3편 나와야함 이거 또 요원으로 써 활동하는 배드 가이즈 하시죠. 제목은 배드 가이즈3: 비밀요원들 어떤가요
배드 가이즈 2,네티즌,10.0,애니메이션이지만 액션은 정말 헐리웃 블랙버스터를 능가하는 ㅎㅎ 박진감 넘치고 유머코드 넘치고~ 스토리도 손에 땀을 쥐는 ㅎ 온가족이 너무너무 재밌게 잘 봤습니다~!! 여름방학 가족영화로 완전 강추요!!
배드 가이즈 2,네티즌,10.0,넘 재미있게 더빙관에서 봤어요성우분들 덕분에 집중할수 있었고특히 뚱땡이 경찰청장 최고
배드 가이즈 2,네티즌,9.0,"역시 기대를 저버리지 않네요!드림웍스 특유의 디즈니 케릭터 같았으면 악당 케릭터들을 주인공으로 내세워서 또 다른 매력의 악당들을 등장시켜서 이걸 풀어내는 역량이 역시나 엄지척을 치켜 세우게 한다.1편이 왜 사랑 받았는지를 잃지 않고, 여전히 쿨하며, 거..."
배드 가이즈 2,네티즌,10.0,우와 1편보다 2편이 더 잼있음
배드 가이즈 2,네티즌,10.0,어른인 제가 봐도 스토리 재미있어요.
배드 가이즈 2,네티즌,10.0,"6,7세 아이들과 너무 재밌게 보고 왔어요!! 강추입니다"
배드 가이즈 2,네티즌,10.0,1편보다 더 재밌고 3편도 기대되요
배드 가이즈 2,네티즌,10.0,어른들이 봐도 재밌어요. 스토리가 휘몰아치는데 말도 안되는 스토리거 말도 안되게 재밌어요
배드 가이즈 2,네티즌,10.0,진짜 재밌아요 중학생인데도 진짜 너무 재밌었어요
배드 가이즈 2,네티즌,10.0,아이들과 보기 너무 좋네요.급하게 1편을 다운받아 보고 오늘 2편 보고 왔어요.최고입니다
배드 가이즈 2,네티즌,10.0,"간만에 진짜 잼있었슈!! 아이, 어른 다 즐길만한 작품!!"
배드 가이즈 2,네티즌,10.0,너무재밌어요. 인생작
배드 가이즈 2,네티즌,10.0,1도 재밌었는데 2는 더 재밌어요. 영화관에서 어른 아이 할것 없이 빵 터지는거 오랜만이예요. 3도 얼른 나왔으면 좋겠어요.
배드 가이즈 2,네티즌,10.0,내 취향은 피라냐 ㅋㅋ 얘가 너무 웃김 ㅋㅋㅋㅋ 1도 재밌게 봤는데 역시 2도 기대이상
배드 가이즈 2,네티즌,10.0,1편도 재밌게 봤고 2편도 실망시키지 않고 재밌습니다.
배드 가이즈 2,네티즌,10.0,울프 정장 입은거 너무 섹시하다..
배드 가이즈 2,네티즌,10.0,3편도 나오겠죠?? 조오온나 힙하고 깔끔함ㅋㅋㅋ
배드 가이즈 2,네티즌,9.0,드림웍스에서 만들었다고해서 1편은 안보고갔는데 몰라도 괜찮았어요영화시작부분에서 요약해줘요 우주선두나오구 자동차 추격씬도그렇구 만화지만 영상미가 엄청나네요 7세 10세 남아둘이랑 같이봤는데 집중해서 잘봤어요~~^^ 저도 재밌었구 가족끼리보기 재밌었어요~
배드 가이즈 2,네티즌,8.0,제작비 1000억원에 맞게 애니 화려합니다. 좀 바쁘게 돌아가는 영화 임..ㅋㅋ
배드 가이즈 2,네티즌,10.0,댓글에 현실에선 불가능한 어쩌고 평이 있든데 일단 동물이 말을 한다는게 현실에선 불가능함~물론 양복을 입고 운전을 하는것도 마찬가지다...비공감은 러브버그만도 못한 인간바퀴벌레이다
배드 가이즈 2,네티즌,10.0,액션이 재밋어요 할인받아서 예매하면 보기 좋을듯
배드 가이즈 2,네티즌,10.0,1편만큼 재밌어요. 3편을 위해 많이 봐주세요.
배드 가이즈 2,네티즌,10.0,넘 재밌게 봤어여~^^이런 영화 계속 만들어주세여!
배드 가이즈 2,네티즌,10.0,애들 영화 스케일이 웬만한 텐트폴 영화보다 크다
배드 가이즈 2,네티즌,10.0,?? 볼건없고 공짜표때문에 한숨자려고 예매했는데 너무재밌어서 당황스러울정도네요 액션미쳤습니다 으른의 눈에는 조금 스토리가 억지일수있는데ㅎㅎㅎ 알빠?재밌으면됨
배드 가이즈 2,네티즌,10.0,늑대랑 여우 무지 귀여워요
배드 가이즈 2,네티즌,10.0,킬링타임용이예요 볼만합니다
배드 가이즈 2,네티즌,10.0,
배드 가이즈 2,네티즌,10.0,속편을 이렇게나 잘 뽑다니캐릭터도 매력있고 스토리도 즐거웠네요
배드 가이즈 2,네티즌,10.0,1편 안봤는데도 너무 재밌다.. 액션이 화려해서 볼만함 새로운 캐릭터 매력도 넘침 볼거리가 화려함!
배드 가이즈 2,네티즌,10.0,넥스트 이단헌트 울프..
배드 가이즈 2,네티즌,10.0,역시 재밌네요. 시간 순삭 아이도 어른도 만족입니다.
배드 가이즈 2,네티즌,10.0,정말 아이와함께 봤는데 보는 내내 너무나도 재밌고 즐거웠어요^^ 아이가 엄지척하네요
배드 가이즈 2,네티즌,10.0,애들에게도 어른에게도 재미있는 영화였습니다.착해진 배드가이즈 추천합니다.
배드 가이즈 2,네티즌,10.0,여름방학에 애들 보여주기 딱이네요. 시원하고 재밌대요.
배드 가이즈 2,네티즌,10.0,여름방학 가족 영화로 완벽해요! 애들도 재미있다는데 어른도 재미있었어요
배드 가이즈 2,네티즌,8.0,유치하지도 않고 전개도 빠르고 훅훅 지나가는 유머도 웃기고 ㅋㅋ 애들보다 어른이 더 재밌게 볼 만한 애니 인 듯ㅋㅋ 역시 더울 땐 극장에서 보는 애니만큼 재밌는 것도 없을 듯
배드 가이즈 2,네티즌,10.0,이번 신캐들 다 너무 좋음ㅋㅋㅋ특히 키티가 넘 멋있음
배드 가이즈 2,네티즌,10.0,믿고보는 드림웍스. 애니메이션이라고 얕잡아봤다가 큰 감동 얻어갑니다 1시간반이 순삭
배드 가이즈 2,네티즌,10.0,유쾌하고 재밌었습니다~아이들과 함께 보기 딱 좋은 애니메이션 같아요~~
배드 가이즈 2,네티즌,10.0,드림웍스가 드림웍스함 캐릭터들 다 귀엽고 매력적이고 .. 특히 키티에 치임ㅜ
배드 가이즈 2,네티즌,10.0,시사회에서 봤는데 역시 믿고 보는 드림웍스 ㅋㅋ 캐릭터들 개성이 미쳤고 우주씬 비주얼이 황홀해요~ 방학 때 애들이랑 보기 딱 좋을 듯요
배드 가이즈 2,네티즌,10.0,온가족 즐겁게 관람했습니다. 추천해요!
배드 가이즈 2,네티즌,10.0,더도말고 덜도 말고 겁나 잼있음아이들 어른 전부 잼있게 봄
배드 가이즈 2,네티즌,10.0,아이들 방학이라 같이 가서 봤네요재밌어요 2가 1보다 더 재밌네요~~~볼만합니당
배드 가이즈 2,네티즌,10.0,애들 보여주러 갔는데.나중에 혼자 가서 또 보고 싶은 영화!!!!^^
배드 가이즈 2,네티즌,10.0,재밌어요!11세 7세 아들들이 너무 재미있게 보고왔어요~~!!저도 아이들과 덩달아 집중해서 간만에 재밌게 보고 왔네요!
배드 가이즈 2,네티즌,10.0,재미있어서 또 보고싶어요
배드 가이즈 2,네티즌,10.0,아니 진짜 너무너무너무 재밌었음 진짜로 개그포인트도 좋았고 몰입감도 쩔었음 진짜 하나도 안지루하고 몇번 더 보고싶음
배드 가이즈 2,네티즌,10.0,캐릭터들 다 매력 쩔어서 보는 내내 호감이었음. 악역들도 개성있고 감정선도 영화 러닝타임 동안 최대한으로 이해가 잘 가게 만들어둠. 상당히 개연성이라던가 적은 비중의 캐릭터들도 이입 잘 가게 겅들여 만든 티 나고 스토리 라인도 흠잡을 데 없어서 정말 훌륭한 작품이었음.
배드 가이즈 2,네티즌,10.0,캐릭터들 볼수록 매력 있고 귀여움! 유머 코드 빵빵 터지고 어른들도 충분히 재밌게 볼 수 있을 듯! 액션도 스케일 짱 크고 시원시원해서 체감온도 2도 정도 내려간 느낌ㅋㅋㅋ
배드 가이즈 2,네티즌,10.0,1편도 재밌게 봤지만 2편은 더 재밌게 봤어요 ㅎㅎ 새로운 캐릭터들도 매력 넘치고 귀엽고 멋지고 다하네요!
배드 가이즈 2,네티즌,10.0,아이들과 1편 보고 2편 관람했는데 ㅎㅎ 방학 때 아이들과 보기 좋네요~!
배드 가이즈 2,네티즌,10.0,겁나 재밌다. 진심 추천합니다 1편만큼 재밌어요.
배드 가이즈 2,네티즌,10.0,스케일이 이게 맞나 싶을 만큼 압도적이고 액션과 코미디 너무 재밌음. 1편 안봤는데 전혀 문제가 안됐네요. 오랜만에 너무 신나게 영화봤어요!
배드 가이즈 2,네티즌,10.0,시사회 보고 왔는데 진짜 재밌게 잘 봤어요ㅋㅋㅋㅋ애니메이션인데도 유치하지 않고 스케일이 커서 2시간 내내 웃고 왔네요
배드 가이즈 2,네티즌,10.0,단순 오락애니를 넘어서서 비리 있는 높으신 분들은 대사 하나하나 진지하게 곱씹어보고 주인공들처럼 갱생의 계기로 삼아야 되는 영화.. 우선 전과 4범부터
배드 가이즈 2,네티즌,9.0,오랜만에 잘 본 애니메이션 영화입니다
배드 가이즈 2,네티즌,8.0,실사화해도 괜찮을듯~~다들 센스 쩌네
배드 가이즈 2,네티즌,10.0,올해 본 극장 영화 통틀어 제일 재밌네요 꼭 보세요!!
배드 가이즈 2,네티즌,10.0,솔직히 넘 재미있다 ㅜ 애들영화라고 절대 무시하면 안됨
배드 가이즈 2,네티즌,10.0,1편보다 뛰어난 2편 빠른 컷 전환과 신나는 음악이 장점
배드 가이즈 2,네티즌,10.0,캐릭터들이 다 매력이 넘침
배드 가이즈 2,네티즌,10.0,재미있어요 감동 요소도 조금
배드 가이즈 2,네티즌,10.0,현실의 취업난을 비판적으로 표현한 만화 영화
배드 가이즈 2,네티즌,10.0,1을 우연히 봤었는데 재미있어서 2도 그냥 시간 때울려고 봤는데 레전드로 찢음 진짜 스토리며 연출 미쳤음 더빙판으로 봤는데 성우들 연기는 말할 것도 없이 최고임
배드 가이즈 2,네티즌,6.0,전체이용가라서 그런지....스토리가 진부하고 뻔해서 아쉬웠지만 그래도 스피드한 연출이 좋아서 즐겁게 본 것 같아요그리고 매력넘치는 캐릭터가 마음에 듭니다
배드 가이즈 2,네티즌,10.0,정말 너무너무 재밌네요~ 아이들 영화이지만 유치하지않고 캐릭터들이 넘 멋져요♡ 이 영화를 왜 이제야 알게 되었을까요? TV로 1편 보러 갑니다
배드 가이즈 2,네티즌,10.0,스케일커지고 너무 재밌다
배드 가이즈 2,네티즌,10.0,드림웍스 죽지 않았구나 ㅋㅋ 심지어 1보다 잼나네여.. 주토피아 1편급으로 잼납니다!
배드 가이즈 2,네티즌,10.0,7세 아이랑 너무 재밌게 봤어요지루할 틈이 없었어요!
배드 가이즈 2,네티즌,10.0,너무 재밌어요~! 아이랑 같이 봤는데 어른도 아이도 다 재밌게 볼수있어요 영상미 진짜 넘 훌륭!!
배드 가이즈 2,네티즌,10.0,베드가이즈2정말 재미있게 봤어요 배드가이즈3 나오면 볼게요><
배드 가이즈 2,네티즌,10.0,너무재밌음~~!!!!
배드 가이즈 2,네티즌,10.0,배드가이즈의 착한일하기 잘봤어요!
배드 가이즈 2,네티즌,10.0,'배드가이즈1'에 이어 몰입감이 최고다
배드 가이즈 2,네티즌,10.0,뭐죠?왜웃고있죠?늑대왜멋있죠?애들보다엄마가 왜더재밌죠?ㅎㅎ
배드 가이즈 2,네티즌,9.0,재밌음 추천 스토리가 재밌네요
배드 가이즈 2,네티즌,7.0,전편 재밌게 봤으면 본작도 무난히 좋아할 듯
배드 가이즈 2,네티즌,10.0,대박 꼭 보세요!진짜 재밌고 감동적이고 다함 이거 무조건 대박난다에 한표
배드 가이즈 2,네티즌,10.0,배드가이즈1보다 더 퀄리티있고 재밌어요!!!!
배드 가이즈 2,네티즌,10.0,아이들이 너무 재미있어해요
배드 가이즈 2,네티즌,10.0,로맨스인가 액션인가ㅋㅋ어쨌든 재밌게 봤습니다
배드 가이즈 2,네티즌,10.0,재밌어요 1도 재밌었는데 더 재밌어요
배드 가이즈 2,네티즌,10.0,재밌었어요! 1도 봐야겠어요
배드 가이즈 2,네티즌,10.0,정말 재미있게 잘 봤어요. 액션신이 시원시원해요.
배드 가이즈 2,네티즌,10.0,기대 이상으로 재미있었던 영화였습니다! 비록 악당이지만 제 최애인 키티가 살아남아서 좋았습니다^^
배드 가이즈 2,네티즌,8.0,방학맞이 딸아이와 함께 극장데이트~기대이상으로 재미있어요!아이도 재미있다고 웃고 울고 했네요.영화 끝나니 더 보고싶다고 했어요~
배드 가이즈 2,네티즌,10.0,이럴수가 진짜재밌음ㅋㅋㅋㅋ
배드 가이즈 2,네티즌,10.0,어줍잖은 억지 감동 스토리 없이박진감 넘치고 스피디해서 넘 재밌게 봤어요킬링 타임용으로 재밌고아이들 데리고 들어갔다가 잘 봤습니다
배드 가이즈 2,네티즌,10.0,진짜 재밌어요. 어른이 봐도 무난합니다.
배드 가이즈 2,네티즌,10.0,진짜 시간가는 줄 모르고 봤음졸라 재밌다
배드 가이즈 2,네티즌,10.0,귀엽고 혼자다하는데요~
배드 가이즈 2,네티즌,8.0,스토리는 아쉬운 감 있다만 연출들이 정말 좋았습니다.
배드 가이즈 2,네티즌,10.0,진짜 너무 재밌었어요! 강추입니다!어른인데도 재밌어요.
배드 가이즈 2,네티즌,10.0,속죄와 용서에 대해 배우고 싶다면 이 영화를 추천합니다. 애들 영화가 아닙니다. 눈물남... ost도 너무 좋네요.
배드 가이즈 2,네티즌,9.0,"“중력보다 강한 것, 그건 희망이야. 의지가 있고 좋은 친구들이 있다면 반드시 좋은 날이 올 거야"""
배드 가이즈 2,네티즌,10.0,진심 올해 재밌게본 영화가 F1이랑 퇴마록이랑 이거다
배드 가이즈 2,네티즌,10.0,딸과함께 재미있게 잘 봤습니다
배드 가이즈 2,네티즌,10.0,배드가이즈3를 빨리 내라 드림웍스는
배드 가이즈 2,네티즌,10.0,아이들이면 꼭 재미있고 유쾌한 영화입니다! 재미있습니다
배드 가이즈 2,네티즌,10.0,배드가이즈1도 재미있게 봤는데 2가 더 재미있어요 초등학교 딸들이랑 봤는데 다들 너무 재미있다고하네요 2가 훨씬 재미있대요 긴장감 스토리 초반부터 끝까지 재미있습니다. 어른이 보기에도 재미있어요 왕추천이요 영화관에서 보길 추천해욘^^
배드 가이즈 2,네티즌,10.0,1편보다 더 재미있어진것같은데 흥행이실패함
배드 가이즈 2,네티즌,10.0,역시 배드가이즈~~ 진짜 넘 재밌게잘봤어요
배드 가이즈 2,네티즌,10.0,개인적으로 1편보다 훨씬 재미 있었어요~ 아이들과 봤는데 아이들도 재미있게 봤네요~ 음악도 좋고~ 액션도 좋아요~ 최근에 본 만화중 제일 낫습니다~ 극장에서 보는거 추천!!
배드 가이즈 2,네티즌,6.0,1이 더 나은 듯캐릭터들 매력은 여전히 굳
배드 가이즈 2,네티즌,10.0,애들과 어른을 둘 다 만족시키는 드문 애니네요 ㅎㅎ 캐릭터들도 매력적이고 스피디한 전개과 액션 탄탄한 스토리 이정도면 완벽에 가까운!! ㅋㅋ 향후 시리즈도 기대됩니다.
배드 가이즈 2,네티즌,6.0,졸리더라고요. 영상미 좋습니다. 방귀는 좀 비위상했어요;; 맨인블랙 생각났어요ㅋㅋ
배드 가이즈 2,네티즌,6.0,생각보다 재밌게 봤어요 감사합니다
배드 가이즈 2,네티즌,6.0,아니 자막 상영관이 없냐.... 다 더빙이야... 새악ㄱ없이 예매했다가 더빙이여서 조금보다가 애새끼들 오지게 시끄럽게하는게 엄마들은 막지도 않아서 그냥 나옴.... 재미는 있더라....
배드 가이즈 2,네티즌,10.0,별 기대없이 봤다가 너무 재밌게봐서 급하게 1도 챙겨봤어요!!
배드 가이즈 2,네티즌,10.0,정말정말정말 재밌어요!♡♡♡
배드 가이즈 2,네티즌,10.0,라이벌이 등장해서 더 긴장감있고 1보다 재밌었음
배드 가이즈 2,네티즌,10.0,조카랑 둘이 롯데타워 시네마에서 더빙으로 봤는데 빵빵 터졌어요! 스토리가 스피디하고 쉽게 진행되서 좋았습니다!!!! 울프 넘 멋져
배드 가이즈 2,네티즌,10.0,배드가이즈 흥해라. 3편도가즈아~
배드 가이즈 2,네티즌,10.0,2 제작 소식 떴을 때부터 기대했는데 역시 재밌네요
배드 가이즈 2,네티즌,8.0,다시 모인 배드 가이즈는 여전히 멋지다
배드 가이즈 2,네티즌,10.0,너무재밌게잘봤어요~~
배드 가이즈 2,네티즌,10.0,하 울프 ㅈㄴ 좋다 ㅎㅎㅎ 키스 야무지다 ㅋㅎ
배드 가이즈 2,네티즌,10.0,그냥 존나 재밌어요 제발 보세요
배드 가이즈 2,네티즌,10.0,재밌네 뭐 또보고싶어요 스릴러 범죄 잘했음
배드 가이즈 2,네티즌,10.0,퍼리 영화임? 왜 보는데 반응옴
배드 가이즈 2,네티즌,10.0,최근 본 애니메이션 영화중에 제일 잘만들어진 영화였어요.어린이 영화로 유치하고 재미없을까봐 다른 영화랑 고민하다가 봤는데 선택하길 잘했다는 생각이 들었어요.너무 만족스러웠고 안보신분들도 진짜 꼭 한번 봐보세요!!
배드 가이즈 2,네티즌,10.0,
배드 가이즈 2,네티즌,10.0,너무나 사랑스러운 영화예요 ㅠㅠ
배드 가이즈 2,네티즌,7.0,"1편에서 완성했던 주인공들의 매력은 더욱 풍부해졌고, 화려한 액션과 자잘한 재미는 만족스러우며, 후반부 우주 장면은 놀라울 만큼 환상적이다. 악역의 정체와 범죄가 예측 가능하다는 것은 아쉽다."
배드 가이즈 2,네티즌,3.0,참으로 지루하여 힘들었다는...
배드 가이즈 2,네티즌,10.0,재밌었어요!추천합니다!
배드 가이즈 2,네티즌,10.0,Waiting for The Bad Guys 3!
배드 가이즈 2,네티즌,10.0,"배드가이즈1을 되게 재밌게 봐서 2도 봤는데,개인적으로 정말 재밌었습니다!연출도 좋고, 당연히 애니메이션이니까 조금은 유치한 부분이라고 느껴질 것도 있겠지만 그런 요소들을 즐기는 사람으로서 정말 재밌었습니다 ㅎㅎ"
배드 가이즈 2,네티즌,10.0,와 진짜 1도 대박이었는데 2가 진짜 개레전드이건 꼭 봐야함
배드 가이즈 2,네티즌,10.0,너무 재미있게 잘 봤어요!
배드 가이즈 2,네티즌,10.0,그냥 재밌어 ㅋㅋ 재밌는 영화. 재밌으면 장땡이야~
배드 가이즈 2,네티즌,10.0,진짜.. 너무나도 멋있고 재미있는 장면들이 많아서 보는 내내 행복했네요 ㅋㅋ 올해 본 영화 중 단연 최고!!
배드 가이즈 2,네티즌,10.0,와우~~원서입문용으로도 너무 잘 봤는데 2 나온다는 소식에1을 후다닥 챙겨보고 영화관을 갔어요기대했는데 기대만큼 재미나요인지도가 낮아서 아쉽지만 제가 주변이 홍보를 하고 있어요~~^^진짜 꼭 보세요!특히 초등학생들 올 여름방학은 이겁니다!!!!
배드 가이즈 2,네티즌,10.0,너무너무 재밌어용ㅎㅎ 스트레스두 풀리구요
배드 가이즈 2,네티즌,10.0,애니영화에 한 획을 그음드림웍스는 계속해서 발전 중이고 이번에는 특히 블록버스터라는 이름에 맞는 영화를 만들었음최고임 꼭 영화관에서 봐야함 큰 화면으로
배드 가이즈 2,네티즌,10.0,하나도 기대 안했는데안 봤으면 진짜 후회할뻔액션이 진짜 시원시원해서 재밌습니다
배드 가이즈 2,네티즌,10.0,가볍게 보기 좋은 영화에요. 영화 장르상 감동이 있거나 하진 않구요.오락성으로 보기 좋습니다. 1에 밀리지 않습니다.추천합니다.
배드 가이즈 2,네티즌,10.0,진짜 걍 애니 수준이 아니고 모든 연령대가 재밌게 볼수 있는 영화를 만듬 안보면 후회할 뻔 했음특히 스피드가 느껴지는 연출과 몰입감있는 전개가
배드 가이즈 2,네티즌,10.0,울프 매력 개도랏음;;; 결혼하고 싶음;;;
배드 가이즈 2,네티즌,10.0,요즘에 본 영화중 제일 보는맛이 있었음
배드 가이즈 2,네티즌,7.0,재밌어요 역시!! 음악도 좋아요
배드 가이즈 2,네티즌,10.0,"너무 재밋는데요?초등생 자녀 둘이랑 모두 진짜 재밋게 봤어요~더빙이 전혀 어색하지 않고, 1편보다 훨 재밋어요!"
배드 가이즈 2,네티즌,10.0,반전에 반전이다ㅋㅋ 진짜 재밌게 봤어요
배드 가이즈 2,네티즌,9.0,1편 안봤는데도 무리없이 충분히 재밌음 쓰레기같은 한국영화 쓸데없이 스크린 차지하는거 짜증나던 차에 아주 좋았음
배드 가이즈 2,네티즌,10.0,넘 잼ㅆ어용~~^^하하하
배드 가이즈 2,네티즌,10.0,"울프×다이앤 러브라인까지는 흔한 조합인데, 스네이크×수잔은 퍼리에 눈 뜨도록 스위치 켜기 아슬아슬하게 충분하네요...♡"
배드 가이즈 2,네티즌,7.0,1편보다 보는 재미있고 연출도 뛰어나다
배드 가이즈 2,네티즌,9.0,개인적으로 저는 스토리 구성도 좋고 내용도 재미있는 것 같습니다.
배드 가이즈 2,네티즌,10.0,"가족들이랑 보러가면 일심동체가 된 기분을 느낄 수 있고, 친구들이랑 보러가면 유머코드를 알 수있다. 최고다."
배드 가이즈 2,네티즌,10.0,최근 1년내 본 영화중 가장 재미 있었음웃기고 영상도 훌륭하고 좋은 작품임
배드 가이즈 2,네티즌,10.0,음악까지 시원해요.잘 만들었따♡
배드 가이즈 2,네티즌,10.0,근래 본 영화 중에 최고였습니다 온가족이 즐겁게 관람할 수 있어서 좋아요!!!! 너무 재미있었습니다
배드 가이즈 2,네티즌,10.0,퀄리티 진짜 좋은 애니메이션임
배드 가이즈 2,네티즌,10.0,오랜만에 애니메이션 재미있게 봤어요
배드 가이즈 2,네티즌,10.0,하.. 그냥 내가 애니좋아하는 오타쿠니까 그런건줄은 모르겠는데 액션씬이라던지 그냥 영상미가 내 뇌를 잡고 좋아하라고 외치는 기분임. 시즌1 때도 이건 미친영화다 하면서 봤는데 시즌2가 더 미침
배드 가이즈 2,네티즌,10.0,더빙도 잘돼있고 넘 잼씀
배드 가이즈 2,네티즌,8.0,시즌1을 넘어서는 세련되고 맹렬한 액션. 호쾌한 유머. 새로운 악당들도 모두 너무나 매력적이다.
배드 가이즈 2,네티즌,8.0,솔직히 개연성 빼면 전부 평타 이상이라고 생각함. 개연성을 중요시 하는 사람이 이 영화를 보면 솔직히 실망할 부분이 큼. 본인도 개인적으로는 울프와 다이앤 사이에 서사가 더 있었으면 하는 느낌. 조심스레 시즌 3 기대해봄
배드 가이즈 2,네티즌,9.0,"기대없이 봤다가 반해버림!!!!중간중각 무뚝뚝이 남편 얼굴에 비친 미소ㅋ초딩 아들, 남편 모두 재미있었다고 하네요~~"
배드 가이즈 2,네티즌,10.0,기대없이 갔는데 너무 재미있었음스피드하고 집중을 놓을수가 없었음
배드 가이즈 2,네티즌,10.0,너무 재밌어요.아이들이랑도 보기 좋아요.연출도 넘 좋고...악역중에 키티캣이 진짜 무서버요ㅎㅎ
배드 가이즈 2,네티즌,10.0,걍 재밌음 그냥 시간 떼우기 용으로 볼려다가 깜짝 놀랐음 강추!!!
배드 가이즈 2,네티즌,8.0,베드가이즈 진짜 재미쪄
배드 가이즈 2,네티즌,10.0,"아주 잘 만든 영화, 근래 에니메이션 중 으뜸 수작임"
배드 가이즈 2,네티즌,7.0,드림웍스의 한방은 강력하다 다이앤 분량 좀 아쉽네
배드 가이즈 2,네티즌,10.0,애니매이션에 이정도 스릴과 박진감을 느낄 수 있다니! 1편보다 더 재미있게 봤습니다!
배드 가이즈 2,네티즌,10.0,여우 개꼴리는데 서떻게하는가데스
배드 가이즈 2,네티즌,10.0,1편도 좋았고 2편도 좋으네요3편?도 기대해 봅니다.
배드 가이즈 2,네티즌,8.0,전체 이용가인데 목조르 장면 빼고는 재미있었어요
배드 가이즈 2,네티즌,8.0,1편도 잼나게 봤는데 2편도 재밌네요!
배드 가이즈 2,네티즌,9.0,화려하고 스타일리쉬한 에니메이션
배드 가이즈 2,네티즌,10.0,애들이랑 보러갔는데 진짜 재밌었어요 지루한틈이 없었어요 스토리가 휘몰아치고 반전도있고 강추합니다 제가 본 애들영화 중에서 제일 재밌었어요
배드 가이즈 2,네티즌,2.0,정말 평점 알바라는게 존재하는 건가..? 왜? 수지타산은 맞음? 아니면 진짜 이게 재밌는 거야? 이 정도 밖에 안 돼?
배드 가이즈 2,네티즌,2.0,"전체관람가라고 해서 7세, 9세, 10세 아이들 데리고 관람했는데 당황스러웠습니다. 전반적인 설정(나쁜 짓을 하던 도둑들이 갱생해서 새 삶을 사는) 때문인지 비속어들을 쉴새 없이 쓰고 중간중간 아이들 에니매이션에는 불필요한 장면들(동물을 의인화한 캐릭터들의 딥키스를 직접적으로 표현한다던가 야릇한 분위기를 풍기는 농담을 하는 장면들) 아이와 보기 민망해서 영화보는 중간에 몇세관람가인지를 확인할 정도 엿습니다. 별 내용도 감동포인트도 없고 내내 어디서 만든거지 하는 궁금증이 생길 정도로 수준이 낮았습니다. 어린이들 방학이라 영화관 구경 한번 갔다가 볼게 없어서 들어갔다 크게 후회하고 말았네요. 드림픽쳐스는 반성하라!"
배드 가이즈 2,평론가,2.0,배우 걱정 안 해도 되는 <미션 임파서블>. 안전바 꽉 조인 롤러코스터 재미
긴키 지방의 어느 장소에 대하여,실관람객,10.0,하 진짜;;;; 집가서 꿈꿀 것 같아요 여운 쩌는듯… 한동안 엄마 옆에서 자려고요ㅠㅠㅠ 팝콘 사지 마세요 어차피 무서워서 못먹음
긴키 지방의 어느 장소에 대하여,실관람객,10.0,영화 잘 봤습니다 재밌네요
긴키 지방의 어느 장소에 대하여,실관람객,10.0,"주제곡오에스티가 시나링고 인것은마음에들고,귀신 외계인같은것이 나올때만 재밌음.. 전체적으론 너무 안무서움.."
긴키 지방의 어느 장소에 대하여,실관람객,10.0,나는 아카소 얼굴보러 봤다가 괴담에 오싹하고 나옴... 소설 읽어봐야지...
긴키 지방의 어느 장소에 대하여,실관람객,10.0,소름 쫙...간만에 제대로된 공포 영화 봤어요
긴키 지방의 어느 장소에 대하여,실관람객,10.0,평소에 눈썰미가 좋은 관객인데요 둘이서 돌덩이 부수러 가자고 으쌰으쌰하는? 차 안 장면이 잡히는데 칸노 미호가 슬쩍 웃고 있더라고요 잘못 본 줄 알았는데 ㅋㅋ 아니었음ㅋㅋ기괴하고 음침하고 너무 내 스타일이야 이런 결말 아니었음 실망했을거야 ...
긴키 지방의 어느 장소에 대하여,실관람객,8.0,나름 반전도 있고 재밌게봤어요
긴키 지방의 어느 장소에 대하여,실관람객,10.0,와....진짜 내가 뭘본거지.... 고통스럽지만 끝까지 보고싶게 만드네
긴키 지방의 어느 장소에 대하여,실관람객,10.0,후반 제외하면 기대이상으로 나옴.
긴키 지방의 어느 장소에 대하여,실관람객,10.0,"일본 특유의 공포 감성을 제일 잘 만든 영화, 원작 책을 알고가면 더 재미있게 볼 수 있는 영화라고 생각됩니다. 올 여름이 무척 더운데 정말 재미있게 잘 봤습니다. 공포 매니아라면 흥미롭게 보실겁니다."
긴키 지방의 어느 장소에 대하여,실관람객,7.0,실체를 드러내는 순간 생명력을 잃는 괴담
긴키 지방의 어느 장소에 대하여,실관람객,10.0,안무섭단 애들 ㅡㅡ쎈척 좀 그만해라난 지릴뻔...
긴키 지방의 어느 장소에 대하여,실관람객,10.0,바로 술 먹으러 왔습니다 못잘 것 같아서.
긴키 지방의 어느 장소에 대하여,실관람객,10.0,너무 소름끼쳐서 잠 못잘거같아서 술 마시러 왔습니다..
긴키 지방의 어느 장소에 대하여,실관람객,10.0,오랜만에 공포영화다운 공포영화를 봤네요 몰입도 미쳤어요..
긴키 지방의 어느 장소에 대하여,실관람객,7.0,배우들 연기가 좋았습니다일본호러 특유의 분위기가 좋아서여름에 공포영화 보실분들 추천드립니다
긴키 지방의 어느 장소에 대하여,실관람객,10.0,"내 생에 제일 무서운 영화임,, 꿈에 나올ㄲㅏ 무서움"
긴키 지방의 어느 장소에 대하여,실관람객,10.0,배우들 연기력 때문에 더 무섭고 지릴뻔했던.. 마지막 장면은 진짜 지금도 등골이 오싹해집니다.. 오랜만에 아주 무섭고 재밌는 영화..!!!
긴키 지방의 어느 장소에 대하여,실관람객,10.0,너무 재밌게 봤어요..진짜 이 영화는 끝까지 안보면 손해봐여
긴키 지방의 어느 장소에 대하여,실관람객,10.0,숨참고 보게 만드는 영화...ㄷㄷ 숨 넘어갈 뻔 했습니다
긴키 지방의 어느 장소에 대하여,실관람객,10.0,기대안하고 봤는데 너무 재밌었습니다
긴키 지방의 어느 장소에 대하여,실관람객,10.0,생각보다 무서웠음 너무 하.. 잠자면 꿈에 나올듯 짜증남
긴키 지방의 어느 장소에 대하여,실관람객,10.0,왠만하면 공포영화 안보는데재밋을거같아 친구꼬셔서 봤는데너무 오싹하면서 재밌었어요
긴키 지방의 어느 장소에 대하여,실관람객,10.0,와.. 너무 무서워서 신랑 손 꼭 잡고 봤네요! 몰입감 완성도 너무 훌륭해요~!! 간만에 좋은 영화 봤네요!!
긴키 지방의 어느 장소에 대하여,실관람객,10.0,와....진짜 내가 뭘본거지.... 고통스럽지만 끝까지 보고싶게 만드네
긴키 지방의 어느 장소에 대하여,실관람객,10.0,기대한만큼 재미있었습니다 여름 막바지에 보기 괜찮은 영화였어요 한번쯤 보는거 추천합니다
긴키 지방의 어느 장소에 대하여,실관람객,1.0,기대많이했는데 그냥 그래요.. 별로안무서워요.. 개인적으로 추천 안드립니다~!
긴키 지방의 어느 장소에 대하여,실관람객,2.0,예전 링과 같은 일본감성을 살린 미스터리 공포영화을 기대했지만 시종일관 지루했다.
긴키 지방의 어느 장소에 대하여,실관람객,10.0,"진짜 이거 보고 무서워서 친구랑 같이 자자고 했습니다,, 오늘 절대 혼자 못자요.. 이런 공포영화 진짜 오랜만에 봤어요! 공포영화 좋아하시는 분들께는 강추입니다!!"
긴키 지방의 어느 장소에 대하여,실관람객,10.0,"끝까지 보세요 소름 끼칩니다 …..,,"
긴키 지방의 어느 장소에 대하여,실관람객,1.0,초중반 이야기와 사운드까지는 괜찮았는데... 하...
긴키 지방의 어느 장소에 대하여,실관람객,10.0,일본공포는 확실히 다르다…팝콘쏟음….
긴키 지방의 어느 장소에 대하여,실관람객,10.0,몰입도도 좋고 영상미가 정말 예쁘네요 ㅠㅠ저는 소설 보고 봤더니 더 재밌게보았어요
긴키 지방의 어느 장소에 대하여,실관람객,10.0,몰입도 장난아니네요 오랜만에 완전 집중해서 봤네유 추천헙니다
긴키 지방의 어느 장소에 대하여,실관람객,10.0,"소박한 영상미와 담담한 연출이 깊은 여운을 남기며, 관객에게 삶을 돌아보게 하는느낌"
긴키 지방의 어느 장소에 대하여,실관람객,10.0,"평소 좋아하던 책이 영화로 나와 기대를 하고 봤는데, 스토리는 말 할것도 없이 좋았고 같이 하나씩 사건의 전말을 밝혀내는 전개라 영화보는 내내 지루 하지 않았고 재밌었음"
긴키 지방의 어느 장소에 대하여,실관람객,6.0,다큐로 시작해서 SF만화로 끝나는 이 밑도 끝도 없는 황당함
긴키 지방의 어느 장소에 대하여,실관람객,10.0,와 너무 흥미진진해서 완전 몰입해서 봤어요!! 오랜만에 너무 재밌는 영화였네요!
긴키 지방의 어느 장소에 대하여,실관람객,10.0,진짜 너무무섭지만 재미있게봤어요.소름이 완전 쫘악...여름 공포영화로 최고네요
긴키 지방의 어느 장소에 대하여,실관람객,10.0,간만에 긴장하면서 본 영화카메라구도나 음향이 생각보다 섬세해서 몰입이 잘되었어요 ㅎㅎ
긴키 지방의 어느 장소에 대하여,실관람객,10.0,무서운거 잘 못보는데 오랜만에 봐서 재밌었고 긴장감도 최고였어요!!
긴키 지방의 어느 장소에 대하여,실관람객,10.0,ㅇㅏ..진짜 오랜만에 찐으로 무서웠어요잠은 다잤습니다...하..
긴키 지방의 어느 장소에 대하여,실관람객,10.0,오컬트물 좋아하는데 간만에 제대로 된 한편 본거 같아요 추천합니다
긴키 지방의 어느 장소에 대하여,실관람객,10.0,요즘같이 더울때 보기 좋은 영화네요 ㅎㅎ진짜 생동감 있고 꿈에 나올거같아요 ㅋㅋㅋ간만에 공포영화잘봤습니다!
긴키 지방의 어느 장소에 대하여,실관람객,10.0,영화보는 내내 화장실가고싶을만큼 무서워서 후덜덜반전까지 갖춘 영화네요시~~~원 오~~~싹해지고 싶음 보세요
긴키 지방의 어느 장소에 대하여,실관람객,10.0,"올해 나온거중 최고인듯 ㄷㄷ 장르 구현이 엄청나네요개연성 없이 무섭기만한건 잘 못보는데, 이건 몰입해서 쭉 봐버렸네요 어후끝까지 꼭 보셔야됩니다 그리고...하 계속 머리에 맴도네요 꼭보세요들"
긴키 지방의 어느 장소에 대하여,실관람객,10.0,이 영화 소설로 읽고 영화본건데 소설이든 영화든 진짜 대박 무서움...
긴키 지방의 어느 장소에 대하여,실관람객,10.0,역시 공포영화는 일본인가봐요..완전 무서워서 소름돋음요~~~
긴키 지방의 어느 장소에 대하여,실관람객,10.0,역시 공포영화는 일본이네요 오랜만에 소름돋게 잘 봤어요!
긴키 지방의 어느 장소에 대하여,실관람객,10.0,칸노미호 좋아했고 엑스파일 시리즈 좋아해서 그런가 제 취향에 맞는 영화였습니다.
긴키 지방의 어느 장소에 대하여,실관람객,10.0,실화여서 더 무서웠음ㅎㄷ ㄷ 보는 내내 심장 쫄려서 심근경색 온줄 알았어여
긴키 지방의 어느 장소에 대하여,실관람객,10.0,너무여름에딱맞는무서움강추합니다
긴키 지방의 어느 장소에 대하여,실관람객,10.0,연기 난리났네요 영화 시간순삭이에요!!
긴키 지방의 어느 장소에 대하여,실관람객,2.0,오~~하다가 끝남. 평점에 속지 마세요..개연성도 없고 공포도 없고 같이 본 관람객들 다 어이없는 표정으로 나감. 여러분의 소중한 돈은 치킨과 떡볶이에 쓰십시요.
긴키 지방의 어느 장소에 대하여,실관람객,10.0,한국도 일본도 흉가는 개무섭구나~
긴키 지방의 어느 장소에 대하여,실관람객,10.0,오랜만에 무서운영화봤어요 영화볼 때 입막고 봤어요 식은땀 ;;반전도 있네요ㅋㅋ실화라니ㄷㄷㄷ
긴키 지방의 어느 장소에 대하여,실관람객,10.0,"실종 사건을 추적하다가 미지의 금기 공간에 다가가는 과정을 그린 미스터리 호러 모큐멘터리였어요.괴담과 오컬트 분위기가 묘하게 현실감 있게 스며들어서, 보는 내내 긴장감을 줬습니다.잔잔하지만 서서히 조여오는 불안감이 끝까지 잡고 놓지 않는 작품이었어요."
긴키 지방의 어느 장소에 대하여,실관람객,10.0,날도 덥고 습한날...무서워서 더운줄도 모르고 봤네요~~
긴키 지방의 어느 장소에 대하여,실관람객,10.0,"정말 시간 가는 줄 모르고 숨 참고 봤네요,, 아직도 소름끼쳐요 ㄷㄷ"
긴키 지방의 어느 장소에 대하여,실관람객,10.0,오랜만에 무서운거 봄... 더위 이겨낼 수 있음
긴키 지방의 어느 장소에 대하여,실관람객,10.0,정말 스릴있고 영상미가 있어서 보는 내내 시간가는 줄 몰랐어요. 주변에 추천하러갑니다!
긴키 지방의 어느 장소에 대하여,실관람객,10.0,식은땀 제대로네요. 여름에 제대로 된 공포물이예요!!!
긴키 지방의 어느 장소에 대하여,실관람객,10.0,공포영화 너무 좋아하는데 오랜만에 너무 재밌게 봤습니다.
긴키 지방의 어느 장소에 대하여,실관람객,10.0,무섭지만 몰입도 있게 재미잇어요!!
긴키 지방의 어느 장소에 대하여,실관람객,10.0,오 몰입감이 장난아니네요 오랜만에 재미잇엇어요 ㅋ
긴키 지방의 어느 장소에 대하여,실관람객,7.0,이것이 잘 자나가다 삼천포의 정수인가
긴키 지방의 어느 장소에 대하여,실관람객,1.0,어떤 의미로 제인생 제일 기억에 남을 영화입니다.
긴키 지방의 어느 장소에 대하여,실관람객,1.0,주변에서 무섭다고 해서 봤는데 그렇게 무섭지는않네영 기대하고 보시면 후회할수도 ? 재밌긴 합니다
긴키 지방의 어느 장소에 대하여,실관람객,6.0,으스스한 분위기로 꽉 채워낸 괴담들.
긴키 지방의 어느 장소에 대하여,실관람객,7.0,흩어져 있는 괴담이 모이는 방식은 흥미롭지만 그 괴담들 사이의 개연성은 글쎄.
긴키 지방의 어느 장소에 대하여,실관람객,7.0,소름 돋는 미스터리 호러물이 될 뻔했으나 결말이 아쉬운...
긴키 지방의 어느 장소에 대하여,실관람객,10.0,이영화 실화라는데 실화라고 생각하니 더 무섭네요ㅠㅠ오랜만에 재미있게 봤어요!
긴키 지방의 어느 장소에 대하여,실관람객,10.0,일본특유의 서늘한 공포감성을 제대로 살린작품 몰입도 높은공포 ㅋㅋ등골이 서늘해짐 왕추천
긴키 지방의 어느 장소에 대하여,실관람객,10.0,"배우들 연기도 좋았고, 예상했던거보다 훨씬 무서웠어요... 개봉했던 일본공포 영화 중에젤 재밌었어요.."
긴키 지방의 어느 장소에 대하여,실관람객,10.0,오랜만에 영화관에서 공포영화 봤는데 돈 아깝지 않게 잘 봤어요 굿
긴키 지방의 어느 장소에 대하여,실관람객,5.0,후반은 유치하고 징그러워서 못보겠네 그리고 공포영화가 하나도 안무서움
긴키 지방의 어느 장소에 대하여,실관람객,8.0,근래 보기드문 공포 수작 결말이 사알짝 아쉽지만 그걸 상쇄할만큼 그앞에 재밌었음
긴키 지방의 어느 장소에 대하여,실관람객,6.0,흥미로운 소재이지만 어느 부분에서 아쉽네요.
긴키 지방의 어느 장소에 대하여,실관람객,10.0,역시 사람이 제일 무섭고 사람은 믿을게 못됩니다 댓글 읽어주셔서 고맙습니다
긴키 지방의 어느 장소에 대하여,실관람객,8.0,재미나요 볼만 합니다.
긴키 지방의 어느 장소에 대하여,실관람객,6.0,진짜 감독 뚝심은 인정한다
긴키 지방의 어느 장소에 대하여,실관람객,10.0,보는 내내 그냥 악몽 꾸는 것처럼 식은땀 났어요
긴키 지방의 어느 장소에 대하여,실관람객,10.0,일본 공포영화 좋아하시면 추천해요 진짜 재밌게 부담없이 잘봤어요 무서워요ㅠㅠㅎ
긴키 지방의 어느 장소에 대하여,실관람객,10.0,배우들의 소름돋는 연기력에 더 몰입하며 끝까지 보게 되었어요
긴키 지방의 어느 장소에 대하여,실관람객,10.0,이번여름은 다났어요 오싹하니 재밌게봤어요 ㅋㅋ
긴키 지방의 어느 장소에 대하여,실관람객,10.0,"책을 읽고 영화 개봉을 기다렸습니다. 슬쩍슬쩍 나오는 숨겨진 이미지들을 발견하는 재미가 있었고 취재 형식의 스토리가 실재 있는 장소와 사건 같아서 오싹했어요. 아카소 에이지 팬이라, 여름에 어울리는 영화로 잘 관람했어요."
긴키 지방의 어느 장소에 대하여,실관람객,10.0,Mbti N이라 밤마다 계속 생각날거같아요 ㅠㅠㅠ
긴키 지방의 어느 장소에 대하여,실관람객,10.0,심장이 쫄깃쫄깃오랜만에 제대로 된 공포를 본거같아요:)
긴키 지방의 어느 장소에 대하여,실관람객,10.0,재미있게 잘봤어요! 더운여름에 딱인 영화네요
긴키 지방의 어느 장소에 대하여,실관람객,10.0,오랜만에 보는 쫄깃한 일본 영화! 잼나게 봤습니다.
긴키 지방의 어느 장소에 대하여,네티즌,10.0,역시 공포영화는 극장에서 봐야.. 특히 일본 공포는 여전히 매력적이네요. 날씨까지 이래서 으슬으슬…
긴키 지방의 어느 장소에 대하여,네티즌,10.0,"세계관 대박임 ㄹㅇ 엄청 입체적이라 소름끼침... 작정하고 만든 듯 간만에 제대로 된 공포 영화 봐서 좋앗다,,, 진심 무서운데 집중하다보면 시간 금방 감 걍 직접 보셈... plz"
긴키 지방의 어느 장소에 대하여,네티즌,10.0,ㄹㅇ 영화 보기만 해도 저주 걸릴 것 같음ㅠㅜ 진짜 등골까지 서늘해지는 오싹함이 ㄹㅈㄷ임
긴키 지방의 어느 장소에 대하여,네티즌,10.0,허.... 기대 안했는데 진짜 잼게봄 호러오타쿠를 위한 영화
긴키 지방의 어느 장소에 대하여,네티즌,10.0,진짠지 가짠지 헷갈리는 전개! 기대 이상의 공포..보는 내내 소름 돋았음ㄷㄷ
긴키 지방의 어느 장소에 대하여,네티즌,10.0,괴담 마니아들은 진짜 꼭 보세요. 단언컨대 올여름 최고 미스터리 공포 영화. !!!!
긴키 지방의 어느 장소에 대하여,네티즌,10.0,책도 재미있게봤는데 사건 하나하나가 나중에 연결되는 느낌이 소름이었다
긴키 지방의 어느 장소에 대하여,네티즌,10.0,아카소 에이지 연기 미쳤다.. 오랜만에 보는 공포 걸작ㄷㄷ
긴키 지방의 어느 장소에 대하여,네티즌,9.0,원작도 무서웠는데 영화관에서 보니 더 무서웠어요ㅠㅠ 여름엔 역시 공포영화지! 친구랑 손잡고 떨면서 봤어요ㅠㅠ
긴키 지방의 어느 장소에 대하여,네티즌,9.0,원작 재밌다길래 친구 따라 가서 보고 왔는데 영화의 80퍼센트는 눈 가리고 봤다ㅠ
긴키 지방의 어느 장소에 대하여,네티즌,10.0,"모큐멘터리식 전개가 현실감 있어서 더 무서웠음ㄷ,,심장 쫀쫀해지는 반전 스릴러까지bb 오늘 잠은 다 잤다ㅜㅜ"
긴키 지방의 어느 장소에 대하여,네티즌,9.0,원작도 개 무서워하면서 봤는데 영화가 더 무섭네;;;; 쫄분들은 찐으로.. 조심하세요
긴키 지방의 어느 장소에 대하여,네티즌,10.0,영화 자체가 몰입감이 엄청 좋음... 이거 사실 실화 아닌가 싶을 정도로 공포 퀄리티 미쳐뜸 ㅜㅜ 무서와요
긴키 지방의 어느 장소에 대하여,네티즌,9.0,영화 나온단 소식듣고 걍 냅다 원작 소설 시작했는데.. 소설을 눈 반쯤 뜨고 보긴 또 첨이었거든요? 상상되고 개 무서워서ㅠㅠ 아놔 근데 영화는 더 무섭네요.... 옆 일행 손을 아예 못 놧어요.. 쫄들은 단단히 조심해서 보세요!! 재미는 있었습니다....
긴키 지방의 어느 장소에 대하여,네티즌,10.0,올여름 최고의 공포영화다..보는 내내 그냥 악몽 꾸는 것처럼 식은땀났음
긴키 지방의 어느 장소에 대하여,네티즌,9.0,생각보단 재밌네요..
긴키 지방의 어느 장소에 대하여,네티즌,10.0,보는 내내 귀 막고 싶어질만큼 음향 자체가 섬뜩해서 긴장감 넘치는 영화 좋아하는 사람이라면 무조건 극장 ㄱㄱ
긴키 지방의 어느 장소에 대하여,네티즌,10.0,기대 안 했는데 넘 재믺네요
긴키 지방의 어느 장소에 대하여,네티즌,10.0,너무무서웠어요.오금이저리고 온몸에닭살이돋았으며 오줌도 지렸어요.ㅜㅜ
긴키 지방의 어느 장소에 대하여,네티즌,10.0,영화 너무 소름돋고 무서웠다 ㄷㄷ 여러 괴담이 하나의 이야기로 연결되는 순간 공포감이 엄청 강렬함. 비 오는 여름에 보니까 더 으스스하네...
긴키 지방의 어느 장소에 대하여,네티즌,10.0,간만에 본 일본 공포 영환데 책과 살짝 다른 부분이 있긴하지만 볼만하고 무서웠음
긴키 지방의 어느 장소에 대하여,네티즌,8.0,재미있고 무서워요..근데 정신에 해로운 느낌...
긴키 지방의 어느 장소에 대하여,네티즌,10.0,너무 무서운데 옆자리 커플 남자형님 손이라도 잡고싶었는데 그럴 순 없었습니다....
긴키 지방의 어느 장소에 대하여,네티즌,10.0,와 진짜 대박이네요 올해 본 공포영화중에 단연 최고.. 진심 원작만 믿고 갔는데 감독이 미쳤다
긴키 지방의 어느 장소에 대하여,네티즌,10.0,뻔한 결말.. 혹시나 했는데 역시나였음 그냥 아카소 에이지 얼굴 보는 맛으로 본 영화
긴키 지방의 어느 장소에 대하여,네티즌,10.0,배우들의 연기가 정말 대단하네요. 긴키 지방은 처음들었는데 나중에 궁금해서라도 가볼것 같아요. 간만에 몰입도 있는 영화였습니다.
긴키 지방의 어느 장소에 대하여,네티즌,9.0,호불호 갈릴 것 같음. 후반으로 갈수록 재미없다는 리뷰도 있던데 전 반대였어요. 초반엔 지루했는데 후반으로 갈수록 흥미진진했습니다. 스토리는 탄탄해요. 징그럽고 기이하고 찝찝한 미스터리 공포물입니다.
긴키 지방의 어느 장소에 대하여,네티즌,8.0,초중반까지 진짜 몰입이 확 됩니다 많이 무섭기도하고 영상미도 좋아요근데 막판에 살짝 영화 파묘마냥 그 괴물을 cg느낌으로 해서 아쉬웠습니다 . 일본 애니 실사화느낌 ..그 부분빼곤 재밌었어용
긴키 지방의 어느 장소에 대하여,네티즌,8.0,생각보다 재미있었어요
긴키 지방의 어느 장소에 대하여,네티즌,10.0,화면에 나오는 순간부터 등골이 싸해졌습니다 .촬영 중에 실제로 이상한 소리가 들렸다는게 생각나서 더 무서웠네요. 실화를 바탕으로 했다하니 현실감이 배로 느껴지진 것 같아요.
긴키 지방의 어느 장소에 대하여,네티즌,8.0,아 초중반까진 흥미진진 보고있었는데.. 마무리가 좀 짜쳐요 ㅠ 아 아쉽다 ㅠ
긴키 지방의 어느 장소에 대하여,네티즌,10.0,영화 보는 내내 넘 무서웠는데 그중 가장 무서운 건 이게 실화라는 사실이었어요ㅠ 아마 그래서 더 무서웠던 것 같아요ㅠ
긴키 지방의 어느 장소에 대하여,네티즌,10.0,괴담 진입부는 진짜 소름돋아서 그거만으로도 볼만하긴함. 공포영화 특유의 후반 짜침은 쩔수 없는듯
긴키 지방의 어느 장소에 대하여,네티즌,8.0,"진짜 롤러코스터에 타있는기분 ,, 공포영화 진짜 추천 재밌는데 쫄보라 그런지 너무 무서워요 ,, 스토리도 그렇고 연출도 재밌었음"
긴키 지방의 어느 장소에 대하여,네티즌,10.0,완전 무서워요 친구랑 꼭 껴안고 봄 불 키고자야됨 혼자서는 절대 못 봄
긴키 지방의 어느 장소에 대하여,네티즌,10.0,이 영화감독 높다.. 원작을 선택하고 만든 이유가 있는 듯. 확실히 일본 공포영화의 감성을 잘 아는 감독인가봐요 재미있게 잘 봤어요 추천해요.
긴키 지방의 어느 장소에 대하여,네티즌,10.0,"너무 현실적이라 후유증이 장난이 아님.. 지금도 약간 멍한 기분. 원작이 있다고 하는데 원작에서 만화를 만들고, 그걸 실사화해서 영화로만든 느낌"
긴키 지방의 어느 장소에 대하여,네티즌,10.0,무서운 영화는 두근두근하며 심장 쫄이는 맛으로 보는 거죠! 시간가는 줄 모르고 몰입했네요. 잘 봤습니다 :)
긴키 지방의 어느 장소에 대하여,네티즌,10.0,실화라 그래서 더 소름 ㅜㅜ....더위 싹날아감..!
긴키 지방의 어느 장소에 대하여,네티즌,10.0,"걍 남주얼굴이 백만점,, 보는내내 남주얼굴에 반해서 집중이 안됨ㅋㅋ 뛰지않던 내 심장을 오랜만에 뛰게 해줌.."
긴키 지방의 어느 장소에 대하여,네티즌,10.0,여친이 너무 무섭다 해서 중간에 나왔어요 ㅠㅠ
긴키 지방의 어느 장소에 대하여,네티즌,10.0,무더운 여름날 등골이 오싹해지는 영화였다실화를 바탕으로 만들었다니..
긴키 지방의 어느 장소에 대하여,네티즌,10.0,역시 공포영화 주인공들은 하지 말라는걸 다 하죠..잔인한 부분도 어느정도 있고좀 적나란 부분도 있어서 15세 이상 맞나싶지만 또 19세는 아닌거 같기도한 영화..스토리 재밌었고 반전도 있고소름도 돋고 재밌었어요!
긴키 지방의 어느 장소에 대하여,네티즌,10.0,친구가 영화 전에 먼저 소설책으로 추천을 해줘서 먼저 읽어봤었는데…소설도 개무서워요ㅠㅠㅠ 근데 영화는 더…무서워요현실감이 미쳤어요 진!짜!
긴키 지방의 어느 장소에 대하여,네티즌,10.0,당분간 공포영화를 볼 일은 없을 듯 너무 무서워서 이거 하나면 됨.. ㅠㅠ
긴키 지방의 어느 장소에 대하여,네티즌,10.0,무서워서 중간에 눈 감아버렸..ㅜㅜ소리까지 지를 뻔 했어요 흐어
긴키 지방의 어느 장소에 대하여,네티즌,10.0,이게 실화라는게 더 무서워요 ㅠㅠㅠ
긴키 지방의 어느 장소에 대하여,네티즌,10.0,소설도 무서웠는데 영화로 보니까 진짜 개무섭네.. 밤에 안보길 잘했다
긴키 지방의 어느 장소에 대하여,네티즌,10.0,분위기와 연기가 엄청 자연스럽고 무서웠어요 올해 본 것 중 가장..소름..으으으
긴키 지방의 어느 장소에 대하여,네티즌,10.0,영화 잘만들었네요...진짜 무서워요 소설도 무섭던데얼굴가리고 귀막고 영화보는데 바빴어요
긴키 지방의 어느 장소에 대하여,네티즌,10.0,반전이 대박이네요… 너무 재밌게 봐서 소설도 읽어봐야겠어요
긴키 지방의 어느 장소에 대하여,네티즌,10.0,요 근래 본 것 중 제일 무서운데 재밌었어요
긴키 지방의 어느 장소에 대하여,네티즌,10.0,원작을 애니나 영화로 잘만들면 주는 상 같은거 없나? 스포는 아닌데.. 결말이 뭘지 집중해보세용
긴키 지방의 어느 장소에 대하여,네티즌,10.0,ㅋㅋㅋ남녀 할 것 없이 꺅꺅 소리 들리는 게 너무 웃기지만.. 웃을 수 없었
긴키 지방의 어느 장소에 대하여,네티즌,10.0,"원작을 알고 보면 솔직히 지루할 줄 알았는데 전혀 아니네요 영화관에서 보길 잘 했습니다 지금 행사도 하고있어서 2,000원에 볼 수 있으니 꼭 보세요 원작 책도 한번 보세요"
긴키 지방의 어느 장소에 대하여,네티즌,10.0,와 이거 15세 맞나요? 너무 무서운데... 올해 본 영화중에 제일 무서운 것 같음
긴키 지방의 어느 장소에 대하여,네티즌,10.0,"현실감이 미쳐서 진짜 귀신이랑 콜라보한 줄…한국·일본 모두 흉가는 무섭지만, 이건 그중에서도 수작이랄까"
긴키 지방의 어느 장소에 대하여,네티즌,10.0,배우들 연기력도 좋고 진짜 무서웠지만..오랜만에 본 제대로된영화..쵝오ㅜㅜㅜㅜ
긴키 지방의 어느 장소에 대하여,네티즌,10.0,"우아..밤에 봐서 그런가 너무 무서웠어요.ㅎㅎ최근엔 공포 영화 괜찮은 것이 없었는데, 간만의 수작인듯?!?!오늘 밤은 엄마 손 잡고 자야겠어요..ㅎㅎ추천합니다"
긴키 지방의 어느 장소에 대하여,네티즌,10.0,무서웠어요다 보고 나니 재밌었다 싶네요
긴키 지방의 어느 장소에 대하여,네티즌,10.0,와 영화관에서 공포감 드는게 드문데 이영화 몰입도가 대박이네요
긴키 지방의 어느 장소에 대하여,네티즌,10.0,아니 이게 실화라니요ㅜ 알고보니 더 무서워요 ㄷㄷ
긴키 지방의 어느 장소에 대하여,네티즌,10.0,이게 실화라는게 너무 무서워서 오늘은 혼자 못 잘것같음 ㅜㅜㅜㅜ
긴키 지방의 어느 장소에 대하여,네티즌,10.0,어후 역시 일본 귀신이 젤 무서워요악몽 꿀 거 같아요ㅜ
긴키 지방의 어느 장소에 대하여,네티즌,10.0,영화보다가 놀래서 방언터졌어요 ㅠㅠ진심 너무 무서워여 ㅠㅠ
긴키 지방의 어느 장소에 대하여,네티즌,10.0,이게 실화라니.. 더위가 싹 사라질정도로 소름돋았음 진짜무섭네..
긴키 지방의 어느 장소에 대하여,네티즌,10.0,여름 싹 가실 영화... 더움이 가시다못해 추워요 진짜 공포영화네요
긴키 지방의 어느 장소에 대하여,네티즌,10.0,"어제 밤에 보고왔는데, 점프 스퀘어 구간이 예상이 안됨.. 일부러 엇박으로 만든 느낌 (감독이 변태인 듯)"
긴키 지방의 어느 장소에 대하여,네티즌,10.0,무서운거 잘보는 편인데 서서히 긴장되는게 너무 재밌었어요ㅎㅎ
긴키 지방의 어느 장소에 대하여,네티즌,10.0,서서히 무서워지는게 여름에 보기 딱좋았어요ㅠㅠㅠ
긴키 지방의 어느 장소에 대하여,네티즌,10.0,와..오랜만에 이런분위기 영화 봄오컬트 종합선물세트
긴키 지방의 어느 장소에 대하여,네티즌,10.0,좋아하는 배우들이 호러영화까지 섭렵해버리다니...! 몰입최고!
긴키 지방의 어느 장소에 대하여,네티즌,10.0,우리나라 사람들 공포 기준 왜이렇게 높음.. 누군 무섭다고 하고 누군 안무섭다고해서 직접 보고왔는데 아니 개무서운데
긴키 지방의 어느 장소에 대하여,네티즌,10.0,무서움의 정도만 생각하면; 19세인지 15세인지 애매하게 헷갈렸는데 지금 보니 15세네 스토리가 있으면서 무서운거 좋아하시는 분들 강추
긴키 지방의 어느 장소에 대하여,네티즌,10.0,긴말이 필요없습니다. 원작을 아시는 분 혹은 일본 특유의 그 맛있는 영화 감성을 좋아하시는 분들이라면 좋아하실 듯 합니다 추천드립니다.
긴키 지방의 어느 장소에 대하여,네티즌,10.0,빨리 영화 리뷰 유튜버들이 해석포함해서 올려주면 좋겠어요 숨겨진 의미가 있을 것 같아서 기대되는데.. 아 한번 더 보기에는 그 분위기가 너무 무서움 ㅠㅠㅠ
긴키 지방의 어느 장소에 대하여,네티즌,10.0,"원작 소설을 알고있다면, 꼭 봐야 할 영화. 단순히 공포영화가 아니라 스토리가 정말 좋아요. 원작 책도 읽어보시는거 추천드려요."
긴키 지방의 어느 장소에 대하여,네티즌,10.0,이런 영화를 만드는 감독들은... 편집하면서 혼자 안무서운가 잘보긴 했는데 이런거 생각하니 더 무서워지네요
긴키 지방의 어느 장소에 대하여,네티즌,10.0,조용한 분위기인데 왜 이렇게 무섭냐... 괜히 혼자 보러갔네요 친구가 같이 보자고하면 안본 척 하고 가서 안쫀 척 할 의향으로 다시 볼 생각이 있는 영화.. 상남자인 척..
긴키 지방의 어느 장소에 대하여,네티즌,10.0,전 오늘 잠 못잘거같아요....너무 무섭...실화라면서요...?
긴키 지방의 어느 장소에 대하여,네티즌,10.0,원작도 개 무서워하면서 봤는데 영화가 더 무섭네요!재미있게 잘 봤습니다.
긴키 지방의 어느 장소에 대하여,네티즌,10.0,일본은 확실히 이런거 잘만드는 듯 원작인건 댓글보다가 알았는데 일본 그 공포감성이라고 해야하나 너무 좋다.. 올해 공포영화
긴키 지방의 어느 장소에 대하여,네티즌,10.0,진짜 대반전… 일본은 공표영화 최고봉이다 진짜 소름 쫙 끼쳤음
긴키 지방의 어느 장소에 대하여,네티즌,10.0,와… 더우면 이영화 보세요..서늘 시원하네요 연기때문인지 한층 더 시원했어요 ㅎㅎㅎ
긴키 지방의 어느 장소에 대하여,네티즌,10.0,역시 일본 영상미는 믿고 보는데.. 넘 잘 만들었네요무서운 영화는 .. 일본이 잘 만들죠
긴키 지방의 어느 장소에 대하여,네티즌,10.0,호러엉화 좋아하는 저로썬 재밌게 봤어요 꿀잼
긴키 지방의 어느 장소에 대하여,네티즌,1.0,뭡니까? 일본은 애니메이션만 만듭시다.
긴키 지방의 어느 장소에 대하여,네티즌,1.0,아래 알바들 정말 최악이네요 제대로 낚였습니다.대학원 오라는 교수님이 더 무섭습니다.
긴키 지방의 어느 장소에 대하여,네티즌,4.0,하... 또 평점에 속았다...
긴키 지방의 어느 장소에 대하여,네티즌,6.0,어머니의 사랑을 느낄 수 있는 멋지고 따뜻한 가족영화.^^
긴키 지방의 어느 장소에 대하여,네티즌,10.0,공포 못보는 쫄보라 반은 눈을 가리고 봤는데 배우들 연기도 좋았고 결말 웃긴거 빼고는 무섭고 재밌게 봤어요
긴키 지방의 어느 장소에 대하여,네티즌,6.0,결말이 너무 찝찝스… 그래도 연출은 좋앗슨
긴키 지방의 어느 장소에 대하여,네티즌,8.0,음...이해안가는 부분들이 있음..목꺾인 아이는 진짜 무섭더라
긴키 지방의 어느 장소에 대하여,네티즌,2.0,간만에 시간이 아까웠어요ㅠㅜ스토리도 재미없고 무섭지도 않았다는...
긴키 지방의 어느 장소에 대하여,네티즌,10.0,진미채 존맛 인정합니다
긴키 지방의 어느 장소에 대하여,네티즌,10.0,마지막 장면을 차라리 안보여주는 것도 좋은 방법이었을 듯 하네요 재밌게 잘 봤습니다!
긴키 지방의 어느 장소에 대하여,네티즌,10.0,와 진짜 너무너무 무서웠어요
긴키 지방의 어느 장소에 대하여,네티즌,10.0,후기 안좋은거 왜그런지 알겠음지들만 볼려고..
긴키 지방의 어느 장소에 대하여,네티즌,10.0,SCP느낌이 좀 있네요. 원작 책보다 아쉽긴 하지만 그걸 감안해도 충분히 재밌을 듯
긴키 지방의 어느 장소에 대하여,네티즌,6.0,"미스터리나 스릴러인 줄 알고 봤는데, 호러여서 살짝 당황. 중반까지는 무서운 분위기가 잘 살았으나 사건의 실체가 드러나는 결말은 무섭기보다 오히려 허무함."
긴키 지방의 어느 장소에 대하여,네티즌,10.0,같이 관람한 학생들이 숨을 참는 모습이 기억에 남네요 ㅋㅋㅋ 흡! 하고.. 재미있게 잘 봤습니다
긴키 지방의 어느 장소에 대하여,네티즌,10.0,하남자들한텐 무서울지 몰라도 공포매니아들 (혹은 나같은 상남자)는 지루할 수 있음.. 사실 거짓말임 무서움 꽤
긴키 지방의 어느 장소에 대하여,네티즌,10.0,몰입감이 장난이 아니네요.. 시간 가는 줄 모르고 봤어요 원작 책을 알고계시는 분이라면 더 재미있게 보실 수 있을 것 같은 영화입니다!!
긴키 지방의 어느 장소에 대하여,네티즌,1.0,그냥 예고편을 길게 늘려논 느낌처음에는 실화같아서 재밌었는데 마지막은 포켓몬도 아니고…..
긴키 지방의 어느 장소에 대하여,네티즌,4.0,SCP : 오버로드를 오마주한거같음..굉장히 비슷함. 유튜브에 검색해서 봐보세요결말은 거의 표절급같은데
긴키 지방의 어느 장소에 대하여,네티즌,10.0,너무 무서웠어요ㅠㅠ 소설도 영화도 장난아니네요.. 보는내내 등에 땀나고 긴장되서 손바닥도 땀나고 ㅜㅜㅎ 공포매니아분들 꼭 보세요
긴키 지방의 어느 장소에 대하여,네티즌,10.0,"숨 막히는 긴장감.소리 하나, 그림자 하나가 이렇게 무서울 수 있나 싶었음.끝나고 나왔는데도 아직도 등골이 서늘함."
긴키 지방의 어느 장소에 대하여,네티즌,10.0,진짜 대박인게 이거 실화라는게....너무 무서운데여
긴키 지방의 어느 장소에 대하여,네티즌,10.0,소설 읽을때도 섬뜩했는데 영화로 보니 영상이 더해져서 더 무서운거 같아요..
긴키 지방의 어느 장소에 대하여,네티즌,10.0,와..친구랑 같이 봤는데 너무 무서워서 숨죽이고 봤어요 스토리도 좋고 한번쯤 시간날때 보시길...
긴키 지방의 어느 장소에 대하여,네티즌,10.0,이거 소설 진짜 무섭다던데.. 영화도 진짜 무섭네요
긴키 지방의 어느 장소에 대하여,네티즌,8.0,일본영화 [노로이] 시리즈가 많이 생각나는 영화. 2025년판 노로이라고 해도 될것 같음. 영화 정보를 사전에 안보고 갔는데.. 이 글을 쓰고 있을때 정보를 봤더니 역시나.. 같은 감독이네.. 깜놀 장면은 거의 없고 미스터리 + 은은한 두려움.. 그리고 분명 감독이 영화 [...
긴키 지방의 어느 장소에 대하여,네티즌,10.0,"밤에 보면 더 흥미진진하고 무서웠을거에요 ,혼자 보지말고 꼭 지인 분이랑같이 보세요 혼자 보러갔다가 집가는 골목이 무서웠어요 .."
긴키 지방의 어느 장소에 대하여,네티즌,10.0,공포영화 무섭게 만들기 쉽지 않은데 진짜 왕무서움 근데 실화라는게 더 소름….
긴키 지방의 어느 장소에 대하여,네티즌,10.0,소설도 무서운데 소리나니까 더 무서움 진짜 식은땀 흘림
긴키 지방의 어느 장소에 대하여,네티즌,10.0,오늘은 혼자 절대 못 잠...ㄷㄷㄷ 여름은 호러지
긴키 지방의 어느 장소에 대하여,네티즌,10.0,소설원작의 탄탄한 구성이 꿀잼
긴키 지방의 어느 장소에 대하여,네티즌,10.0,공포영화는 아 여기다 여기서 놀래킬 듯 !! 예상하게 돼서 잘 만들기가 쉽지 않은데 진짜 간담이 서늘하네요
긴키 지방의 어느 장소에 대하여,네티즌,10.0,저는 소리에 더 많이 놀랬고 너무 생생해서 진짜..등골이 오싹하네요 어제 밤에보고왔더니 무서워서 잠을 못잔거있죠..?
긴키 지방의 어느 장소에 대하여,네티즌,10.0,우와 너무 생생해서 무서움이 극대화였어요..어제 밤에봤더니 더 무서운거있죠....?역대급 공포영화에요...무섭지만 잘봤어요!!
긴키 지방의 어느 장소에 대하여,네티즌,10.0,진짜영화잘만들었어요 오싹오싹무서워요스릴만점
긴키 지방의 어느 장소에 대하여,네티즌,10.0,이게 실화라니 감독 연출 미쳤어요!!
긴키 지방의 어느 장소에 대하여,네티즌,10.0,소름 돋는 공포… 잔상이 길게 남네요 ㅠㅠ
긴키 지방의 어느 장소에 대하여,네티즌,10.0,진짜 무서운 이야기가 실화라니 놀라움 존잼
긴키 지방의 어느 장소에 대하여,네티즌,10.0,스릴 넘치고 식은땀 주륵.. 올만에 진짜 소름돋았어요!!
긴키 지방의 어느 장소에 대하여,네티즌,10.0,이 영화 진짜 현실감 미쳤네요..귀신이랑 콜라보한줄
긴키 지방의 어느 장소에 대하여,네티즌,10.0,영화 보는동안 악몽꾸는것처럼 식은땀 줄줄ㅠ 진짜 재밌었어요
긴키 지방의 어느 장소에 대하여,네티즌,10.0,보지마셈 경고했음.. 무서우니까 보지마세요.. 미스테리 + 공포 그리고 일본 감성 좋아하시는 분이면 보셈
긴키 지방의 어느 장소에 대하여,네티즌,10.0,시라이시코지 이양반은 공포의 기준이 너무 높은 듯
긴키 지방의 어느 장소에 대하여,네티즌,10.0,와... 이게 실화라니 무서운데 더 몰입해서 봤네요현실과 구분이 안되게 무서운거 오랜만
긴키 지방의 어느 장소에 대하여,네티즌,10.0,공포영화 매니아인데...최근 본 영화 중에 이렇게 잘 만든 공포영화라니진짜 돈 값 제대로 한 느낌이에요.간담이 서늘해지는 진짜 공포를 느끼려면 한 번 봐보세요!
긴키 지방의 어느 장소에 대하여,네티즌,10.0,이거 소설 무섭게 읽었던 기억으로 봤는데 역시나 보는내내 소름... 오늘밤 잠은 다 잤네요
긴키 지방의 어느 장소에 대하여,네티즌,10.0,너무 무섭다 진찌 무서운거 진찌 잘보는데 꿀잼 !!강추강추
긴키 지방의 어느 장소에 대하여,네티즌,10.0,하남자는 왠만하면 보지마라 나는 상남자라 간신히 보긴 했음.. 일본 특유 공포 좋아하시는 분들에게 더 추천
긴키 지방의 어느 장소에 대하여,네티즌,10.0,긴말안한다... 주온 그 이상급이다.. 봐라..
긴키 지방의 어느 장소에 대하여,네티즌,10.0,공포영화 오랜만에 보는데 또 한동안 못볼 것 같아요. 너무 무서워요 ㅋㅋ 실화 바탕이라니 더 무서운거 같아요..
긴키 지방의 어느 장소에 대하여,네티즌,10.0,와 간만에 제대로 된 공포영화 보고 왔네여ㅎ 소설이 원작이던데 읽어봐야게씀
긴키 지방의 어느 장소에 대하여,네티즌,10.0,예상하지 못했다…..15세 치고는 잔인하지만 괜찮았다마음에든다…..
긴키 지방의 어느 장소에 대하여,네티즌,10.0,서서히 조여오는 압박감에 보는 내내 긴장했어요.. 무서워서 소름 쫙...ㅠㅠ
긴키 지방의 어느 장소에 대하여,네티즌,10.0,일본 실화라서 봤는데...진짜 보는 내내 엄청 무서워서 진땀 났네요~소설을 바탕으로 만든 영화라는데 소설책도 보고싶어요!!진짜 무더운 여름에 볼만한 영화였습니다~
긴키 지방의 어느 장소에 대하여,네티즌,10.0,진짜 최고요...공포영화만 보는데 퀄리티 굿이에요
긴키 지방의 어느 장소에 대하여,네티즌,10.0,와...공포영화가 이렇게 재밌을 수 있나요??진짜 간만에 힐링 제대로하고 보고왔어요
긴키 지방의 어느 장소에 대하여,네티즌,10.0,영화관에서 소리지를 뻔한거 참느라 혼남;; 지릴뻔.. 오늘은 엄마랑 자야지..
긴키 지방의 어느 장소에 대하여,네티즌,10.0,너무 무서움....오늘잠 다잔것같아요...ㄷㄷ꿈에 나올까봐 무서워요...
긴키 지방의 어느 장소에 대하여,네티즌,10.0,미쳤다... 소설 원작이라는 것만 알고 내용 모르고 갔는데 진짜 개무서움.. 책도 일본에서 인기라해서 보고싶은데 무서워 ㄷㄷㄷㄷ
긴키 지방의 어느 장소에 대하여,네티즌,10.0,진짜 무서운건.... 실화라는거... 무섭...
긴키 지방의 어느 장소에 대하여,네티즌,10.0,괜히 봤다 싶을 정도로 무서웠음..
긴키 지방의 어느 장소에 대하여,네티즌,10.0,촬영장에 귀신 나왔다던데... 그 귀신이 나온건지 ㅠㅠ 진짜 현실같아서 소리지를뻔했어요
긴키 지방의 어느 장소에 대하여,네티즌,10.0,소설도 무서웠는데 영화로보니 진짜 수작이네요..실화라는게 더 무섭네요;;
긴키 지방의 어느 장소에 대하여,네티즌,10.0,당분간 잠은 다잤네요 ㅋㅋ진짜 손에땀이 줄줄나더라구요 무사워서::
긴키 지방의 어느 장소에 대하여,네티즌,10.0,이게 실화라는게 소름….. 일본이 공포영화에 진심인듯…..
긴키 지방의 어느 장소에 대하여,네티즌,10.0,온몸에 소름이 돋아서 오싹하네요!!!!더위가 싹 가시네요 ㄷㄷㄷ
긴키 지방의 어느 장소에 대하여,네티즌,10.0,이게 실화라니....대박이네요..
긴키 지방의 어느 장소에 대하여,네티즌,10.0,영화관에서 보니까 엄청 무서움 ㅠㅠ
긴키 지방의 어느 장소에 대하여,네티즌,10.0,촬영장에 귀신 나온 걸로 유명하다고 해서 기대하고 봤는데.. 대박...! 소설도 무섭던데 영화도 장난 아니네요 몰입감이ㅠ
긴키 지방의 어느 장소에 대하여,네티즌,10.0,와...소설로 봤을 때도 재밌었는데..영화도 역시..
긴키 지방의 어느 장소에 대하여,네티즌,10.0,아무 생각없이 봤다가 친구한테 추천했어요뭐가 이렇게 무서워요...?
긴키 지방의 어느 장소에 대하여,네티즌,10.0,원작을 워낙 좋아해서 기대했는데 영화만의 또다른 매력이 있네요. 무더운 여름 오싹오싹한 공포영화 보고싶으신 분 강추합니다
긴키 지방의 어느 장소에 대하여,네티즌,10.0,분위기부터 오싹해서 보는 내내 심장이 쫄깃해지는 기분이었어요. 쫄보라서 팝콘통 여러번 던질 뻔 했습니다. 여운이 남아서 계속 무서운 기분이 드네요 ㅠㅠㅋㅋ
긴키 지방의 어느 장소에 대하여,네티즌,10.0,"실화바탕이라 그런가 ,, 진짜 더 무섭고 손에 땀 났어요 올여름 젤 볼만한 공포영화임!! 추천"
긴키 지방의 어느 장소에 대하여,네티즌,10.0,진짜 귀신 나온거 아닌가??? 흉가 배경 현실감 무엇
긴키 지방의 어느 장소에 대하여,네티즌,10.0,소설작가가 일본에서 젊은 히가시노 게이고급이라던데 좋은 작품 잘 봤습니다! 책도 사러 가야겠어요!
긴키 지방의 어느 장소에 대하여,네티즌,10.0,한국 흉가도 무섭지만 일본 흉가는 또 결이 다름… 보는 내내 악몽 꾸는 기분에 식은땀 줄줄.아니… 진짜 귀신이랑 같이 찍은 거 아니냐? 현실감 미쳤다…
긴키 지방의 어느 장소에 대하여,네티즌,10.0,호러는 역시 일본인가봄 미쳤다..
긴키 지방의 어느 장소에 대하여,네티즌,10.0,공포영화 좋아하는데 재밌게 잘 봤습니다여름엔 역시 공포영화죠또 만들어 주세요
긴키 지방의 어느 장소에 대하여,네티즌,10.0,이 영화 촬영장에 귀신 나온 걸로 유명하다는데 영화에 나오는 귀신도 진짜처럼 생김....
긴키 지방의 어느 장소에 대하여,네티즌,10.0,영화를 본 건지 내 손가락을 본 건지 모르겠음..무서워서 하루 종일 손바닥으로 가리고 손가락 사이로 영화 봄..올 해 본 영화 중에 제일 무서웠다..
긴키 지방의 어느 장소에 대하여,네티즌,10.0,여자친구랑 영화관에서 보고 자취방 들렸는데... 무섭다고 집을 안가요.. ㄱㅇㄷ..감사합니다.
긴키 지방의 어느 장소에 대하여,네티즌,10.0,결말 지어내는건 역시나 어렵도다.
긴키 지방의 어느 장소에 대하여,네티즌,10.0,마지막은 좀 그랬는데 그래도 킬링타임으로는 좋습니다!
긴키 지방의 어느 장소에 대하여,평론가,10.0,마지막은 좀 그랬는데 그래도 킬링타임으로는 좋습니다!
